[[-4.74593176e-02  1.11725222e-01 -2.54851746e-01  2.28976097e-01
  -1.40658746e-01  9.38253677e-02 -2.04104712e-01 -2.56128177e-02
   2.03924514e-02 -1.08483644e-01  1.17354745e-02  1.23969047e-01
   2.25627537e-02  1.34434143e-02 -7.16992276e-02 -1.81566679e-01
   9.26432340e-02  1.84012939e-01 -2.04829915e-01 -5.44059389e-02
  -2.39747113e-01  1.10241656e-01 -9.11316733e-02  4.67011538e-02
   9.89455112e-02  6.39928034e-02  2.00161584e-01  1.08585446e-01
  -6.49311885e-02  7.70852031e-02 -1.58203713e-01 -5.01278547e-02
  -2.46460944e-02  5.27052473e-02 -9.25371523e-02  1.77556729e-03
  -1.30225456e-01  1.84093545e-01 -8.24156797e-02  3.41911295e-01
  -2.14908996e-01  1.65509573e-01  2.55118514e-02 -1.09659315e-01
   2.51796727e-01 -7.38872359e-02 -9.24059155e-02 -2.40608936e-02
   2.23311352e-01  3.98489112e-02 -4.40143996e-02 -5.20292003e-02
   4.71261357e-02  1.48085097e-01 -2.79008111e-01  1.13309440e-01
  -1.61428149e-01  2.83155883e-01 -5.77562920e-02 -1.93947768e-01
   6.83605071e-02 -4.25016152e-02  8.41041511e-02 -9.60756635e-02
   6.17802422e-03  7.72270100e-02  8.11971557e-03 -3.05873374e-02
   3.02208148e-01  3.15935945e-02  8.96476231e-02 -2.13257023e-01
  -3.80124095e-01 -3.72458152e-02  6.10945300e-02 -1.63690568e-01
   3.27862092e-01  1.94027414e-01 -1.92701689e-01  2.75681197e-02
  -2.63136048e-02  1.68104766e-01  2.80438880e-01 -8.17266246e-02
   3.26041389e-02  1.82989171e-01  2.73929296e-01  2.17324751e-01
   1.62364223e-01  1.44603534e-01 -9.06159519e-03 -1.80782532e-01
  -6.83875319e-02 -2.18911328e-01  1.57370321e-01  3.72609957e-02
  -8.34736420e-02 -1.95617724e-01  1.94955741e-01 -7.58269003e-02
   5.29184003e-02  1.64061598e-01  4.10116581e-02 -5.01994032e-02
  -2.33991273e-01 -1.40673277e-01  1.92534669e-02 -1.67500947e-02
   4.42983646e-02 -1.13490870e-01 -1.72763146e-02  2.70342719e-02
   1.66409758e-01  1.47303372e-01  1.92046284e-01  2.74030266e-01
   4.97320754e-02 -2.22578899e-01  3.37549291e-02  6.01107013e-02
   1.59014802e-01  1.24873878e-02 -1.23481398e-02  1.30752191e-01
   6.20436792e-02  4.46855368e-02  1.04314870e-01 -1.47092013e-01]
 [-2.63290311e-01 -1.86524076e-01 -5.34515685e-01  1.27435191e-01
  -1.75993372e-01 -3.28819167e-01 -1.18203495e-01 -3.39527385e-02
   2.50959571e-01  7.86731233e-02  1.48643653e-01  2.74866841e-01
  -4.15426406e-01  2.50612848e-01  9.93740803e-02 -3.23805541e-01
   1.34892544e-01 -6.07123074e-02 -1.16724145e-01 -2.44748260e-01
   3.56692583e-01 -9.66376084e-02 -1.06210038e-01  8.01956353e-03
   1.04652118e-01 -3.80893837e-02 -2.48477316e-01  9.24126727e-03
  -1.36440354e-01  1.40259995e-01 -8.07464775e-02  2.38896809e-01
  -5.67325361e-02  4.59058075e-02 -1.64498471e-01  1.63362302e-01
   9.15478044e-02  1.33788227e-01  1.17669408e-02 -2.11836871e-01
  -2.44232929e-01  1.72283090e-01 -1.17701491e-02 -6.30223709e-02
  -8.91789201e-02  3.46517978e-02  3.92264651e-02  5.52171545e-02
   8.09259741e-02  9.45115231e-02  3.84846265e-02 -1.04149512e-01
   1.08976215e-01 -7.18605472e-02  1.89838001e-01 -1.06243761e-01
   6.46312515e-02  3.92465601e-02 -1.72884651e-01 -2.15389092e-01
   2.34505656e-01 -3.17524148e-02  2.35584867e-01 -1.57820100e-02
  -5.84289895e-02  2.48219416e-01  2.00379442e-01  1.95622772e-01
   3.41830802e-02 -7.28561997e-02  3.71180333e-02 -5.14108161e-02
   2.10401988e-01 -2.56710979e-01  8.31667745e-02  6.59655055e-02
  -1.31549742e-01  3.08991373e-01 -1.21365720e-01  3.32576557e-02
   8.92028521e-02  4.95641827e-02  1.97020053e-01 -7.98880476e-03
   9.67808799e-02 -7.38875784e-02  2.47974027e-01  9.91994019e-02
   5.13520549e-01  3.97881446e-02  1.55597053e-01  1.83333790e-01
   7.21780466e-05  6.72707666e-02 -1.04456523e-01 -4.71961768e-02
  -2.34603131e-02  5.39304488e-02  4.62174005e-02 -7.40578010e-02
   3.89363726e-02 -6.43106378e-02 -8.69772413e-02  9.52643659e-03
   9.46710666e-02  1.77661731e-01  3.75403053e-02 -1.04017117e-01
  -1.72743793e-02 -4.58364202e-01  2.53549483e-01  2.52688558e-01
   1.61738269e-01  1.67886163e-01  2.26129291e-02  8.13687557e-02
   2.29299138e-01 -7.81178933e-03 -1.06243291e-01  1.92788558e-01
   1.96974122e-01  2.13325444e-01 -1.87249093e-01 -1.42264242e-01
  -2.16482321e-01  8.08644412e-02  3.13280675e-01  4.11417045e-02]
 [ 2.01255098e-02 -1.71365546e-01 -1.37960695e-01 -1.86408026e-01
   1.43413166e-01  9.67101873e-02  3.37903393e-01  1.30870441e-01
   3.77197271e-02  2.76809041e-01  2.98257905e-02  1.18766597e-01
  -1.92960692e-02 -2.91752978e-01  5.98889530e-02 -2.48397620e-02
  -6.68249885e-02 -1.64206470e-01  1.35286556e-01  8.34299766e-03
   1.98377216e-01 -1.40774290e-01  1.54113079e-01  9.35840863e-02
  -3.32286026e-01 -2.34060152e-01  1.78330171e-01  1.59477275e-01
   1.91900499e-01  1.55340531e-02 -1.61424174e-01 -2.33275114e-01
   6.78516977e-02  5.11404884e-02  1.77453772e-01  1.76129999e-02
   1.11195706e-01  1.43646921e-03  7.15489971e-02 -4.13757734e-02
   1.70889858e-01 -2.02213952e-02  2.60256038e-01  1.13201227e-01
  -7.87836295e-02  1.29081396e-01  7.12471296e-02  6.39703820e-02
   9.14323996e-02  6.38615000e-02  2.14238493e-01  3.36430345e-01
  -4.24281141e-02  1.87077723e-01  1.35598047e-01  3.64907432e-01
  -3.83600163e-03  1.71143631e-01 -2.46444709e-01  2.95080001e-01
   7.99472078e-02  3.41637904e-02  9.98634252e-02 -3.25418612e-02
   3.97022649e-02  1.54322825e-01  1.20073658e-01  1.08018913e-01
   1.21507511e-01 -3.27947259e-02  6.83433090e-03 -3.40908302e-02
   7.08274925e-02  1.20887395e-01 -2.13345427e-01 -3.73914029e-02
   3.42496686e-02 -1.75978451e-01 -2.24773208e-01  7.89548261e-02
  -7.75134448e-02  3.12774733e-01 -2.86925694e-01  2.55986942e-01
  -8.85197634e-02 -4.89797131e-02 -1.32284068e-01 -2.08768620e-01
   2.07318342e-01 -4.00370399e-02  9.45865547e-02  9.43966850e-02
  -4.49536037e-02 -1.51469588e-01  4.81749144e-02 -7.92554802e-02
   4.31264883e-02 -2.45156324e-02 -7.03883916e-03  1.77465552e-01
  -1.69446918e-01  4.40141108e-02  1.17265144e-01 -1.93375505e-04
   1.22703580e-01  1.69392431e-01 -8.05422235e-02 -1.92689093e-01
  -7.36891290e-02 -8.26846443e-02  5.21368925e-02 -1.41490039e-01
  -1.32807728e-01  4.00174821e-02 -4.98447514e-02 -6.31887628e-02
  -1.08050524e-01 -4.13949467e-02  1.20738903e-01 -3.85289014e-02
   2.44637559e-01 -1.78431297e-01 -1.69395952e-01 -2.56531333e-01
   4.67519242e-02 -3.46424804e-01  1.71238542e-01 -7.85999743e-02]
 [ 1.10554165e-01 -4.43075198e-02  1.82008197e-01  1.49346160e-01
  -1.18854668e-01 -5.27972591e-02  1.55347452e-01  2.61704267e-01
  -1.02956325e-01  3.52936335e-02 -9.21493634e-02 -8.00078358e-03
   1.61637812e-01  9.30438629e-02  3.03225079e-01  2.79919692e-01
  -5.28705850e-02  6.37856864e-03  3.17012633e-02  5.31512029e-02
  -1.23573547e-01  9.44407449e-02  5.47325114e-02 -2.93993539e-02
   3.06624671e-02  7.49359825e-02  1.80284939e-01 -1.40617109e-01
  -3.75565293e-02  1.09292718e-02 -2.07477831e-01 -2.08324700e-02
   1.87254693e-01  2.75391010e-01  5.83249262e-02 -1.29164265e-01
  -1.38076365e-01 -7.43453517e-02 -7.49863928e-02 -4.85078056e-02
  -7.10585709e-02  4.64240806e-02 -2.05085045e-01 -4.25809524e-02
   1.07698038e-01  6.00178833e-02  3.11553088e-02  1.36158099e-02
  -7.72841598e-02 -7.25347540e-02 -1.56507417e-01 -2.67151777e-02
   1.21777334e-01 -7.28376284e-02  2.38750230e-02 -1.07798217e-01
   2.27541198e-01  1.09197209e-01 -1.11058569e-01 -5.43357063e-02
  -4.49372095e-02  1.32712828e-01  1.95863472e-02 -4.27297724e-02
  -8.37967268e-02  1.08638100e-02  1.16996813e-01 -1.15212285e-02
  -2.04312670e-01 -3.45061531e-02 -7.33661396e-02  1.18915027e-01
  -4.31422979e-02  8.18399979e-02 -2.57435902e-01 -3.37499330e-01
  -2.10618544e-01  5.79650309e-04  1.67971745e-02  2.07852967e-02
   1.94131341e-01  2.54809401e-01  1.03812754e-01  1.48329723e-01
   1.81305898e-01 -1.12330833e-01 -1.76082117e-02 -8.40934949e-03
  -4.32949785e-02 -2.63389007e-02  1.67642393e-01 -4.36666529e-02
   3.04352893e-01  3.12298326e-01  8.39495856e-02  1.11194167e-01
   3.45634969e-02 -1.53571791e-02 -1.03298520e-01 -2.40803280e-01
  -1.06227432e-01  1.42042912e-01 -3.10005602e-01 -1.44397795e-01
   1.57007435e-01  5.51945145e-02 -2.08940584e-01 -1.85564228e-01
  -9.09092631e-02 -2.03833995e-01  1.26018615e-01  6.46745473e-02
   6.38886770e-03 -6.80085660e-02 -1.77963892e-01  2.02097681e-02
  -1.18760046e-02  9.59908514e-02 -2.12356053e-02  2.18621636e-01
   7.62851065e-02  1.39386196e-01 -5.07952713e-02  2.32821028e-01
  -1.51489468e-01  4.37890989e-03  1.08359289e-02  5.97448922e-02]
 [ 1.60046558e-02  2.37371142e-01 -4.31655501e-02 -5.37337369e-02
   1.57727125e-01  3.62773033e-02 -1.19916015e-01 -1.54052215e-02
  -2.01534612e-01 -1.65997209e-01 -1.78135201e-02  2.78509360e-02
   1.98452629e-01  2.31651613e-01 -2.38015393e-01  1.53618798e-02
   2.31567393e-01  1.24344306e-01  1.62847773e-01 -1.27631743e-01
   2.57859848e-01  4.13286230e-02 -3.21635462e-01  1.83004611e-02
  -1.41699243e-02  2.03148480e-01  1.28137351e-01  6.86014744e-02
   1.87780488e-01 -2.11481294e-01 -1.47284481e-01 -1.35825840e-01
  -3.05836907e-01 -1.78405076e-01 -3.63888786e-01 -1.21328554e-01
  -1.93212364e-01  1.01605426e-01 -1.77272938e-02  1.76429372e-01
   4.32920291e-02  1.62895311e-01 -1.70206274e-01 -6.06103585e-02
  -2.48645135e-01 -2.26666989e-01  1.43139235e-01 -1.36332431e-01
   6.92846019e-02 -1.03758178e-01  1.09572200e-01  1.20085688e-01
   1.39729658e-01  3.59420746e-02  7.29296649e-02  8.73840624e-02
  -5.16676129e-03 -6.04644394e-02 -4.19849407e-02  5.87903973e-02
  -1.46606163e-01  7.36557442e-02  2.17396840e-02 -1.17326299e-01
  -2.03574007e-01 -1.05389489e-01 -1.10764977e-01  4.95817387e-02
  -1.82778538e-01  5.32042441e-02  1.73808268e-01  3.60631176e-01
  -1.66200591e-02 -2.21593277e-01 -5.77277390e-02  1.62438000e-01
   1.44840771e-01  2.60681614e-01  1.79947823e-01  7.87419199e-02
   2.75695289e-01 -2.30903093e-01  1.81292420e-01  1.76671835e-01
   4.45507501e-01  1.46897045e-01  1.68585594e-01  1.17971701e-01
   3.89037674e-01 -2.43819574e-01 -5.91806810e-03 -2.13369984e-01
  -1.55811816e-01  8.10468791e-02  1.86816892e-01  3.74444399e-01
  -5.57764078e-02  2.49115977e-02 -4.84097617e-02  1.01210859e-01
  -3.69876314e-02  9.18975956e-02  3.24926070e-01  2.61620593e-01
   6.33846768e-02 -2.66712832e-02  4.50773522e-02  2.01899977e-01
  -1.61299041e-01  2.10106733e-01  6.89552926e-02 -1.54094277e-01
   3.31023147e-01 -1.75402944e-01  4.46456860e-01  2.20552101e-01
   2.81174899e-01  2.84894465e-02  3.90498858e-02  9.05607047e-02
   6.33070976e-02 -4.30143245e-02  3.47429940e-01  7.52827673e-02
  -2.98316079e-02  1.58054266e-02 -1.29921880e-01 -1.30618017e-01]
 [ 1.14805741e-01 -1.39865797e-01  1.06248029e-01  1.24487055e-01
  -1.46707797e-02 -8.75008615e-02  1.74524807e-01  8.99444555e-02
   1.34879862e-01  1.22156258e-01  9.89773876e-02 -4.99061212e-02
   1.77264911e-01 -1.71321506e-01  2.48840413e-03  1.00650909e-01
   1.28751018e-01 -8.78443984e-02 -3.48231958e-03 -6.99121284e-02
   1.97008428e-02 -9.27280458e-02 -1.85782300e-01 -6.61002781e-02
  -2.31236602e-02  1.67489212e-01  1.76422862e-01 -1.33307613e-01
   8.27138870e-02 -2.03343135e-01  8.22470316e-02 -8.29859128e-02
  -1.22715431e-01  1.29898814e-01 -1.12839938e-01 -9.00286905e-02
  -9.32960016e-02 -1.15210756e-02  1.99203587e-02  1.34349697e-01
   1.60784305e-01  6.72834560e-02  1.83967548e-01 -1.09834536e-01
  -1.02530891e-01 -9.63386208e-02 -4.27360684e-02 -1.51624300e-02
  -5.87594225e-02 -1.66018011e-01  8.31415278e-02 -4.67179436e-02
   4.00589609e-02  3.74835936e-01 -7.94618557e-02 -6.32058979e-02
   1.39757904e-01 -1.79421150e-01 -1.92606209e-01 -1.39365273e-01
   1.19683469e-01 -1.05262339e-02 -7.80813824e-03 -1.32485164e-01
   4.62026882e-02  2.19591024e-01  2.57544499e-01  4.06236909e-02
   3.32935142e-02 -2.69920971e-01 -9.72971378e-02 -5.44692705e-03
  -1.43795821e-01  7.48235561e-02  2.19303875e-01  1.20924516e-01
   7.44714091e-02  7.66509956e-02  5.07350308e-02  3.76339421e-01
   2.45601541e-01 -5.75816004e-02 -3.88147446e-02  1.56263372e-01
  -2.00303503e-01 -4.11553001e-01  2.61777611e-02  4.16460604e-02
   2.32045281e-01 -2.09231456e-02 -1.09103536e-01 -7.58128544e-02
   2.18302278e-01  1.81441094e-01 -3.21885791e-02  7.66776054e-02
  -6.24997415e-02  1.10958327e-01 -8.93239631e-02 -1.93463435e-02
   1.44236663e-01 -2.99286669e-01 -2.20270714e-01 -1.27740067e-02
  -3.44150337e-02  3.51672718e-02  3.53848775e-01  1.82419825e-02
   2.62758205e-01  3.35014558e-03 -2.22489573e-02 -2.07047343e-02
   2.75378596e-01  1.40528728e-01  6.71462642e-02  8.43272548e-02
   1.81363272e-01 -1.04096382e-01 -4.39448493e-02  1.27600459e-01
   2.93098425e-01  7.24202801e-02 -8.62907226e-02  1.33907320e-01
  -5.51982710e-02  7.15990572e-02  3.25854809e-01 -3.45208151e-01]
 [ 2.84431328e-01 -3.51736152e-01 -9.71343421e-02  2.08398243e-01
   8.26619584e-02  2.53916299e-01 -7.61464455e-02 -1.69416589e-01
  -1.33500035e-01  1.20406489e-01  2.56689801e-01 -3.51184206e-01
   7.46854137e-02 -6.60652611e-02  9.58523075e-02 -3.23980711e-03
   2.52596411e-04 -3.29880739e-01 -1.36967135e-02  5.23927202e-03
   1.51402087e-02  9.69149164e-03  2.63743463e-01 -2.34615905e-01
   1.07686452e-01 -1.89157147e-02 -7.48711316e-02  7.89823152e-03
  -4.67499437e-02  5.27414141e-02 -6.22041873e-02 -1.29283328e-01
   2.78389144e-01  4.61203365e-02  1.68458386e-01 -8.95401501e-02
  -1.46450459e-01 -5.30666507e-02 -1.41948884e-01  5.38505796e-02
   4.42984012e-02 -2.62860205e-02 -5.01421877e-01 -5.84745757e-03
  -5.76566893e-02 -4.47532517e-02 -1.98578195e-01  2.44930038e-01
  -1.13895709e-01  1.06587850e-01  1.62180023e-01  5.97391127e-02
   6.23485624e-02  9.90885744e-03 -1.99472200e-01 -1.55282459e-02
   2.42972857e-01  1.31842954e-01  7.26591855e-02  7.08267862e-02
   7.52822824e-03  1.09740470e-01 -1.48873777e-01  6.45973426e-02
  -2.88489886e-02 -3.03385030e-01  2.41536141e-01 -5.02614699e-03
  -1.38928002e-01  1.83244637e-02  1.91044743e-01 -2.38325692e-03
  -2.35889326e-02  3.91593598e-02 -4.39544523e-04  2.00126715e-02
  -1.16812165e-01  3.31368394e-03 -1.58858489e-02 -3.77577080e-02
   1.17778166e-02  1.78963979e-01  1.51417213e-01  5.43440438e-03
   3.41093160e-02  4.74258792e-03  1.17198561e-01 -2.29661572e-01
  -4.63436249e-02  2.09971756e-01 -3.05539649e-01 -4.63596943e-01
   6.68594238e-02  4.29719383e-02  3.87904724e-02  6.88627351e-02
  -1.03776782e-01  5.28417958e-02 -7.85960839e-02 -3.71274888e-02
  -2.93652838e-02 -4.95218572e-02  4.19699492e-02  2.35667421e-01
   5.99930994e-01 -7.82038186e-02 -6.66893629e-02  1.69604762e-01
   1.83984422e-01  5.09422197e-02  2.38430885e-01 -1.39891289e-01
  -3.17965782e-02 -7.26043412e-02  4.08687461e-01  1.33666387e-01
  -1.56938197e-01  1.55067918e-01 -2.13439223e-01  2.42325622e-02
  -4.53208421e-02 -6.16687180e-02 -4.33572896e-02  1.88158889e-01
   2.21771685e-01 -4.08325828e-03 -8.24016377e-02 -5.50320295e-01]
 [-7.05870914e-02 -7.50727902e-02  9.56060986e-02 -2.21214928e-01
   4.36442067e-01 -1.89534187e-02  1.86222639e-03  4.00889757e-02
   1.37964975e-01  2.42037281e-01 -1.09047789e-01  5.54907999e-02
  -3.00629735e-01  1.85299801e-01  8.75969136e-03 -2.36564292e-01
  -8.48439067e-02 -3.71103477e-01 -1.77427425e-01  9.66275007e-02
  -2.53195079e-02 -4.59981407e-01  1.45635317e-01  1.38221492e-01
   8.02088104e-02 -3.79824375e-02  1.58709445e-01  1.15043353e-01
   4.50238754e-02 -1.32480714e-01 -1.25286860e-01  2.28571963e-01
   8.31065776e-02 -2.77873101e-02  2.79472180e-02  2.26955618e-02
   2.16500526e-01 -3.59814551e-01 -5.12672466e-02 -1.18922139e-01
  -1.78642228e-01  2.74738617e-02  1.38469659e-01  8.53259368e-02
   5.20119698e-02  6.25892187e-02  1.49888339e-01 -2.95326849e-02
   4.92600034e-02  6.27612451e-02  1.39797578e-02  5.21193689e-02
   5.17634740e-02  8.82727127e-02  1.20434948e-01 -6.05673601e-03
  -2.60573502e-01  2.74440703e-01 -2.61260561e-02  7.37976594e-02
   2.23791681e-01 -2.22992943e-02  3.75192260e-02 -1.05041835e-01
  -6.48034568e-03  1.14903273e-01 -1.92675701e-01 -1.18355481e-01
  -2.79219399e-01 -2.94296403e-01 -2.00753892e-01  1.98150687e-01
   2.42483995e-02 -1.80041532e-01  1.90873757e-01  3.29519079e-01
  -5.73508968e-02 -1.98894461e-01 -2.33709437e-01  2.36583074e-01
   1.28040392e-01 -5.43506740e-02 -4.86709590e-01  1.53113151e-01
   2.19518377e-01  6.65286378e-02 -6.41897588e-02 -1.77775236e-02
  -1.94041044e-02 -3.16687609e-02  6.81180349e-02  1.20139216e-01
   5.53631205e-02  2.61807844e-01  1.75972378e-01  1.16584972e-03
  -1.97981195e-01  2.48777509e-01  2.29551119e-01 -1.86846014e-01
   3.67123157e-01 -5.54763471e-02  1.22892556e-01  2.67754757e-02
   9.75165714e-03  1.64812191e-01  4.56735173e-01 -1.44241998e-01
   1.01284629e-01  1.90129716e-01  4.67444372e-01  7.76527757e-02
  -2.04489179e-01 -1.58301817e-01 -2.02070470e-01 -1.47174424e-01
   1.07112579e-01 -3.37383142e-01 -9.56860769e-02 -2.11951415e-01
   1.05086602e-02  1.43356966e-02 -8.64363634e-03 -3.04668989e-01
  -3.05131180e-02 -1.22085759e-01  1.97774670e-01  1.64941705e-01]
 [ 1.21227500e-01 -6.30745440e-02 -1.37814288e-03 -6.34070410e-03
   1.03647553e-02 -1.13960304e-01  1.78091699e-02  1.77818182e-02
   1.92925569e-02 -1.22084284e-01  1.71673930e-01  1.95528002e-01
  -1.51840767e-01 -3.67139384e-02 -1.76234961e-01 -2.81353893e-02
   6.75698822e-02 -1.46577384e-01  4.25613425e-02  2.40778940e-01
   2.18206710e-01 -4.71328173e-02  4.24319479e-02  3.19271390e-02
  -1.17317891e-01 -3.22726079e-02 -3.58918243e-02  4.24145010e-02
   5.29637339e-02  1.13457323e-01 -1.05397518e-02  1.35953654e-01
   1.01143169e-01 -8.38972389e-02  2.18014150e-01  2.70082555e-01
  -1.78732112e-01  2.28651060e-01 -8.50808185e-02  1.30164216e-01
  -1.46592321e-02 -8.01969056e-02  5.96986650e-04  1.51841465e-01
  -2.93491357e-01 -1.61648624e-01 -2.22906706e-01 -1.67342221e-02
  -1.76556728e-02 -8.44862801e-02  5.75039475e-02  9.20548427e-02
   9.01152640e-02  1.50498549e-01  5.02853379e-02 -9.72263310e-03
   2.79969797e-02 -2.00181262e-01  2.77422759e-02  1.25281754e-01
   2.06237520e-02 -1.48109199e-01  6.76033800e-02 -4.83876617e-02
  -2.00075297e-01 -1.27937041e-01 -2.52743525e-01  1.97752129e-01
  -8.90242790e-02 -4.79589702e-02 -9.35924380e-02  4.61330086e-02
   2.24494434e-01  9.98344003e-02  1.46735318e-01  1.60394938e-02
  -5.15102840e-02 -2.63923315e-01 -3.87997877e-02  2.82646145e-01
   2.58157190e-01 -7.48462963e-02  5.80993778e-02  3.65328821e-01
   2.02484257e-01 -1.24175153e-01 -1.45833272e-01  8.36245010e-04
   2.17968848e-01 -4.85891162e-02  6.18552850e-02  1.77317449e-01
  -3.40676587e-02 -4.87683515e-02  6.38611614e-02 -1.15541537e-02
   1.00631757e-01  1.48474743e-01 -6.67068030e-02 -4.75695580e-02
  -1.38094596e-02 -8.40710713e-02 -1.02532510e-02  1.07239896e-01
  -2.22797581e-02 -4.52589365e-02  6.63475845e-02 -5.16948610e-02
   7.10529179e-03 -1.01055117e-01  5.85684063e-02 -1.68709090e-01
   6.82117087e-02  1.16027163e-01  2.10765332e-01  3.80942185e-02
  -1.14203246e-01  3.44185541e-01 -2.41126855e-02  7.61323815e-02
  -7.86416575e-02 -1.25572790e-01 -2.47193667e-01 -2.79393390e-01
  -6.64047504e-02  6.84633135e-02 -1.02531671e-01  3.52177768e-03]
 [-8.33708255e-02  7.37243399e-02  8.13118783e-02 -2.67612495e-01
   1.73807887e-01 -3.48089245e-01  1.99261304e-01  7.22544351e-02
   4.06140266e-02  3.95367629e-01 -1.20814027e-01 -2.65669871e-01
   4.94284936e-02 -9.87917190e-04 -3.61507012e-01 -1.12669165e-02
   9.36909021e-02  1.75647933e-01  2.76904514e-01 -1.35184402e-02
   2.36128112e-02 -1.16797374e-01  1.43742311e-01 -3.81735308e-02
   7.32351078e-02  8.55730042e-02 -3.39705458e-01  4.13562632e-02
  -2.31750223e-01  8.86519088e-02 -9.82870211e-02 -1.58074258e-01
  -1.35342614e-01  1.70612646e-01  1.00375368e-01  2.03445304e-02
   2.42255129e-01 -5.85106570e-02 -4.48902632e-02 -2.92930308e-01
  -8.08134679e-02  2.38317849e-01  1.80568537e-01 -2.63066137e-01
  -1.58605398e-01  2.97194212e-02  1.51964898e-01  7.96023338e-02
   3.73395538e-01 -4.02403820e-03 -7.61839679e-02  7.97583363e-02
  -5.78394952e-02 -3.13980110e-01  4.32050603e-02  1.67267372e-01
   8.37853800e-02  1.58544226e-01 -1.35632843e-02 -7.72266257e-04
   2.30471353e-01 -3.39294868e-03 -3.21752249e-02 -6.90747589e-02
   8.77423240e-02  1.12333536e-01  5.13856186e-02 -1.27793161e-01
  -1.62813273e-03 -1.10492481e-01 -3.35891130e-01  3.47336865e-01
  -1.99396699e-02 -1.77077004e-01 -3.08822084e-01  9.88963953e-03
  -8.79361114e-02 -1.28599866e-01  4.15382598e-01 -1.53940805e-02
   1.97759947e-01 -3.99303410e-01 -5.17897608e-02  8.35159759e-02
  -1.14732768e-01 -1.77090329e-02 -7.00257216e-02 -5.34645104e-03
   1.34664007e-01  4.74739578e-02  5.72352783e-02  1.01674293e-01
  -1.74015656e-01 -1.74248187e-01  7.81223052e-02 -1.46792032e-01
   1.95759187e-01 -1.52719246e-01 -1.72305875e-01 -2.58573829e-01
   2.74779784e-02  8.68677113e-03 -1.97299072e-01 -1.21243674e-01
   1.03259149e-02  4.04280220e-01 -5.92289193e-02  1.26761277e-01
   1.58242038e-01  2.44834728e-01  1.06382050e-01  2.01982066e-01
  -4.01184927e-02  7.16829040e-02  9.34272069e-02 -9.84287783e-04
   2.14234390e-01 -7.26748760e-02 -8.68903015e-02  4.26865439e-01
  -4.10682344e-02  3.00503079e-02  9.12219838e-02  1.14589800e-01
  -3.07824793e-01  2.65289915e-02 -2.49799024e-01  2.26539062e-01]
 [ 1.64084181e-01 -4.34578234e-02 -7.29878395e-02  9.91521951e-02
   1.53542540e-01 -1.43597767e-01 -2.09941973e-01 -1.78817207e-01
   1.47193921e-01  1.10508479e-01 -2.75086478e-02  3.75090913e-02
   3.24017810e-03  6.61012081e-02  2.29082044e-02  8.69526466e-02
   5.74722754e-02 -1.11264457e-01  1.02674876e-01 -2.46726875e-01
   2.06736461e-01  3.51877195e-02 -3.24672138e-03  6.34616795e-02
  -1.54410661e-01  1.20926709e-01  2.25965705e-01 -5.46247012e-02
  -2.63444470e-01 -1.40433497e-01 -3.15150056e-02  1.92504948e-01
  -1.52707212e-01  1.57283714e-01 -5.22176503e-02  1.61020080e-02
   9.18480700e-02  1.68334891e-01 -8.19656453e-02  7.52431705e-02
  -1.21421906e-01  5.26552275e-02 -1.19367703e-01  7.93307089e-02
  -1.08109327e-01 -1.59527593e-01 -2.26263340e-01 -2.33125946e-02
   1.09109133e-01  4.32254148e-02  8.37510135e-02  2.78140818e-01
  -9.85516267e-02 -4.59475841e-02 -1.63067649e-01 -1.21104355e-01
  -8.63062967e-02 -2.45337478e-02 -1.24414790e-01 -3.21805020e-01
   2.79110454e-01  4.54766390e-02 -1.96650052e-02  1.92501809e-01
  -1.50064215e-02  5.53756123e-02 -5.31144454e-02 -1.44996898e-01
  -1.10985246e-01  1.34855881e-01 -2.40365512e-02 -1.21997066e-01
   7.68030368e-03 -2.17432344e-01  5.22678840e-02  5.59088936e-02
  -7.99813984e-02  4.99099329e-02 -1.25809659e-01  2.93441843e-01
  -6.30494556e-02 -6.88136976e-02 -5.45677532e-02  1.63855559e-01
  -1.51975136e-01  2.16662252e-02  5.31125062e-02  3.05320553e-02
   9.70341250e-02  4.08815400e-02  9.80516677e-02 -1.76712859e-01
  -1.45919109e-01 -1.87057719e-01 -2.49884335e-01 -2.44540852e-01
   2.90235647e-01 -1.85228323e-03  8.66579196e-02 -1.49303828e-02
  -1.48896054e-02  1.65356620e-01  1.94709714e-01  3.12094549e-02
  -4.92230072e-02  1.14452589e-01 -1.58415015e-01 -3.50566741e-02
  -7.20260605e-02 -1.76112535e-02  2.00226034e-02  1.86686105e-02
  -2.12954609e-01 -3.28823455e-02 -1.99008126e-01 -5.73074709e-02
  -1.04803929e-01  1.61232007e-01 -6.85994227e-02  2.18696659e-01
  -1.13573814e-01 -3.62962745e-02 -1.79116002e-01  3.53541168e-02
  -4.80477382e-02 -5.77554593e-02  2.33147742e-01 -1.80466877e-03]
 [ 6.00736623e-02 -1.99138708e-02  3.86632302e-02  2.45688485e-01
   5.63029685e-02 -7.09197790e-02 -4.22899798e-02 -1.46620198e-01
  -6.17192176e-02 -2.27140742e-01 -1.20446550e-01 -8.39539456e-02
   3.67776171e-02 -8.98970469e-03  7.97536149e-02 -3.53216577e-03
  -3.23783004e-01 -4.21256146e-02 -2.27328962e-02 -4.78838178e-02
   5.59644301e-03 -1.30587433e-01 -1.32043354e-01  8.64163897e-03
  -2.62258858e-02  4.25699875e-02  4.25286502e-02 -5.00221002e-02
   2.53454722e-02 -1.49875059e-01 -7.14773391e-02 -1.40328771e-01
   3.94705526e-02 -7.32728616e-03  1.03234668e-01  1.53492518e-02
   9.43712055e-02  1.31778298e-01 -2.27402570e-01 -1.55473649e-02
  -3.71356778e-01 -1.65715454e-01  1.35528204e-01  7.91090313e-02
   7.75375721e-02  1.93695334e-01 -3.39433372e-02  1.58932869e-01
  -5.94190127e-03 -3.14509645e-03  5.13742334e-02  1.71540627e-01
  -2.12539054e-01 -1.51099872e-01 -9.42781263e-02 -8.85032594e-02
  -1.30901578e-01  5.04633242e-02  1.57105858e-01 -2.51739644e-01
   2.11447782e-01  1.12717424e-01  1.48560205e-01  2.15126918e-02
  -1.12300465e-01 -5.19076144e-02 -1.51867195e-02 -1.49613574e-01
   8.59359953e-02  6.91630941e-03  1.19921595e-01 -6.10231598e-03
   5.40272413e-02  1.04580522e-01  1.10907137e-01 -2.27303913e-01
   2.17193387e-02 -1.39365396e-01  1.80456744e-01 -2.41785853e-02
  -8.27235990e-02  7.72739271e-02  1.62883290e-01 -1.18563673e-01
   1.11805067e-01  1.28401977e-01 -1.58786829e-01  6.56074716e-02
  -8.08310510e-02  5.67074065e-02 -1.73867239e-01  3.90474448e-03
   9.84771191e-03  6.64822919e-02 -1.01042482e-01 -2.54017573e-01
  -2.34168902e-01 -6.07702339e-02 -1.19598968e-01  2.90935952e-02
   2.47221289e-02 -2.11629606e-02  2.27163148e-01 -5.85221678e-02
  -1.34413396e-01  1.20774858e-02 -1.89751277e-02  1.25688859e-02
  -2.98062268e-01 -1.53157644e-01 -1.23604667e-01 -1.92014574e-01
  -7.84915103e-02 -2.76698446e-01  9.07713491e-02 -4.51919567e-02
  -7.89110364e-02  1.41564862e-01  1.99726033e-01 -1.14777155e-01
  -1.19530982e-01  7.14578783e-02  1.36657946e-02 -1.19999252e-01
  -2.58380450e-01  2.16136661e-02  7.87047180e-02  9.22303161e-02]
 [ 1.74552781e-01  9.63084836e-02  2.21292141e-02 -1.91402821e-01
   4.54170775e-02  5.19392911e-02 -5.42043523e-02  1.00841859e-01
   2.07387299e-01 -1.42726285e-01  8.83398025e-02 -1.27255995e-01
   7.55277878e-02  3.66177935e-02 -1.29612054e-01  1.66639654e-01
  -8.75565067e-02 -1.08945590e-03  2.53505981e-01 -1.55216717e-02
   8.29010357e-02  1.81932013e-02 -6.59087012e-02 -1.89751499e-02
  -1.13051005e-01 -9.96985887e-02 -2.31427343e-01 -5.86924803e-02
  -1.52977248e-01  3.99303630e-03  1.41657863e-01 -3.27339178e-01
  -6.05517362e-02 -2.39292312e-01  8.10561385e-02  1.51191602e-02
   7.53770848e-02  7.55501126e-02 -1.25254441e-01 -1.52903926e-01
   2.56481874e-01 -1.34908041e-01  1.74589198e-02 -9.94584282e-03
  -3.45111031e-02  1.61516761e-01  2.25253983e-01 -5.25561540e-02
   2.36129029e-01 -3.69365429e-02 -1.02609017e-01  9.60845780e-02
   4.92145553e-02  2.04802862e-02  3.04489394e-02 -7.66759982e-02
  -6.09994898e-02  1.81856795e-02 -2.18093769e-02  2.25829633e-01
   2.41058842e-01 -2.31919785e-03 -1.76488633e-02 -1.01739946e-01
  -1.83800623e-01 -5.71835867e-02  2.61712347e-02  5.53306439e-02
  -5.99363088e-02  1.91465612e-02 -1.24957733e-01  1.21686317e-02
  -3.77030850e-03 -3.15716843e-02  5.25974772e-02  8.22733951e-02
   3.27480018e-01  1.69088542e-01 -8.22362099e-02  9.01828057e-02
  -5.46535837e-02 -6.03933403e-02  1.30118432e-01 -1.67628158e-01
  -2.68862549e-03 -6.29775313e-02 -7.40756841e-02  1.49895740e-01
   1.11408916e-01 -1.33963873e-01 -3.27523253e-02  4.70834268e-02
  -5.02537433e-02 -3.19233334e-02  2.73866836e-01  8.62296530e-02
  -1.50205820e-01 -1.10924316e-02  4.63480766e-02 -1.06479742e-01
  -6.62068312e-02 -3.12541062e-02 -1.10130027e-01 -1.21010767e-01
   1.71395926e-02  4.98891301e-02 -3.57487401e-02 -2.43400910e-01
  -2.24177050e-02 -9.10905195e-02  7.58437827e-03  6.95729498e-02
  -1.21346609e-01  1.57337109e-01  1.69055987e-01  1.68021563e-01
   1.82446204e-01  2.21512815e-02 -1.14110771e-01 -5.04217027e-02
  -1.18348909e-01 -1.98075600e-01 -2.16483338e-02  9.68087122e-02
   1.09923859e-01 -9.01073915e-02 -1.11152643e-01  1.78329381e-02]
 [-1.07978797e-01 -2.86380665e-02  7.62909887e-02  4.04500742e-02
   4.12472707e-02  7.52710208e-02  1.00999478e-01  9.34156933e-02
   1.39959948e-01 -2.54343868e-02  2.79655169e-02 -1.42255070e-01
  -7.81625064e-02  2.21847204e-02 -1.56966900e-01  6.33260424e-02
  -2.50760390e-02  1.11971255e-01 -3.46106220e-02 -2.00456074e-01
   2.98282297e-02 -3.43770889e-02 -2.08080897e-01 -8.03535424e-02
  -2.18792643e-02  7.63818154e-03  3.77866584e-02  1.25070258e-01
   2.45385918e-01  2.52283599e-01 -7.48716649e-03 -4.54774242e-02
   1.03934175e-01  1.19054057e-01  5.30906349e-02 -1.92137798e-01
   1.27325034e-01 -7.55914279e-02  1.85660546e-01  4.42380659e-02
  -1.47175612e-01 -1.13785027e-01  1.44314332e-02  1.77949978e-01
  -2.43037197e-01  1.60115940e-01  1.23151614e-01 -3.28104692e-02
  -4.43530593e-02 -2.95227452e-01 -1.00872906e-01  2.86523077e-01
  -8.98155633e-02 -8.31276523e-02  6.76035458e-02  2.86004090e-01
  -3.28806934e-01  2.54224640e-01 -1.10577451e-04  1.22796697e-01
  -4.93750749e-02  1.19560668e-01  2.88773500e-01  1.47357074e-01
  -9.13623461e-02 -4.99903418e-02 -2.11022249e-01  1.23349716e-01
   2.65531806e-02 -6.48370476e-02 -1.59911481e-01  1.45615008e-01
  -1.80912348e-01 -1.65492346e-02 -2.53718543e-01  2.71707329e-02
   1.33172050e-01  1.15646429e-01 -8.37912775e-02  1.63060824e-01
  -1.24898786e-01  1.56806979e-01 -4.40376810e-01 -1.20742527e-01
   6.33401550e-02  7.18853619e-02  1.37760983e-01 -5.86069308e-01
  -3.69027333e-01  1.60503352e-01  9.53732841e-02  9.01036495e-02
   2.31939940e-01  3.67433773e-02 -1.65260911e-01 -1.33508319e-01
  -5.96967321e-02 -3.31867620e-01  7.69428023e-02  3.86113981e-02
   1.91273529e-01  6.55998506e-02  4.79436296e-02 -2.66760218e-01
  -4.25775559e-02  1.95372763e-01 -2.23336736e-01 -3.49784506e-01
   2.25579245e-02  2.91213318e-02 -3.15777003e-02  2.68809902e-01
  -4.11480374e-01  4.89292020e-02 -1.58114754e-01 -1.87450755e-01
  -3.86084389e-01 -3.00813669e-01  3.41744441e-01  4.54037825e-02
  -2.37818483e-01  9.49844711e-02 -7.94416407e-02  6.80089389e-02
   1.73852236e-01 -4.63617328e-01 -1.67719351e-01  3.02183390e-01]
 [ 5.56224817e-02 -1.38333026e-01  1.43488229e-01  2.53862488e-01
   2.52055447e-01  7.32634382e-02  1.22544113e-01  7.56635114e-02
  -6.23721515e-02  4.54524809e-02  3.16319141e-01 -9.23341197e-02
  -8.50391183e-02  2.26211521e-01 -2.54746024e-01  1.24658568e-01
  -5.70663879e-02  1.32394835e-01 -2.96172387e-02 -2.14108394e-01
   1.91540272e-01  1.68973704e-01 -2.49352750e-01 -2.36666326e-01
  -3.36536038e-02 -1.62978749e-02  2.65679149e-01  6.80442149e-02
   2.52368580e-02 -1.47656034e-01  2.42190776e-01 -1.52779282e-01
  -5.30523937e-02  7.21918996e-02 -4.07213783e-02  2.10867990e-02
  -1.17230036e-01 -6.26840783e-02 -1.64126916e-01  1.82806900e-01
  -5.81047525e-02  1.92166165e-01  9.03411662e-03  4.66895877e-02
  -1.21675764e-01  1.33805041e-02  1.16484831e-02 -1.91786119e-01
   2.17086428e-01 -2.07344875e-01  5.02630873e-02 -5.76296658e-02
   1.61601131e-01 -1.21076276e-01  9.35042226e-02 -1.58914884e-01
  -9.24723531e-03 -2.26563871e-01 -5.64025073e-02  4.33598543e-02
   8.64379386e-02 -2.27782655e-01 -4.93997015e-02  2.40578944e-01
   5.33674320e-02  5.86534465e-02  7.50867792e-02 -2.71157125e-02
  -3.12588472e-02 -1.22010782e-01 -1.10733085e-01 -7.91429229e-02
   7.34313473e-02  1.78525082e-01 -1.65655955e-01  1.94995154e-02
  -1.08785931e-02  2.16414137e-01 -1.96247845e-01 -4.54143202e-02
  -3.02608540e-02 -1.37288397e-01  3.22948502e-02 -9.46671314e-03
  -2.83456167e-01  1.98886441e-01  1.34889656e-01 -1.14549296e-01
   1.79450316e-01  1.29581726e-01  1.77707827e-04 -5.35194113e-02
  -9.49016102e-02 -1.28361744e-01 -1.56859087e-01  9.60105462e-02
   2.38370614e-01 -1.55852217e-02  3.07462271e-01 -1.67696998e-01
   1.40648423e-01  3.38470768e-01 -1.98998763e-01 -2.00203231e-01
   2.22165289e-01 -9.43495367e-02 -3.50484614e-02  1.28460927e-01
  -6.42837800e-02  3.51920594e-02 -8.67950350e-02 -2.18499076e-01
   2.68283220e-02  8.43027963e-02  1.45227991e-01  3.47393371e-01
   6.88271317e-02  9.06586682e-02 -1.64466448e-01  1.62167791e-01
  -3.49788625e-01 -1.63838248e-01  1.63300306e-01  1.30774054e-01
   3.35384397e-01  1.15801570e-01 -2.59062819e-01  7.15075297e-02]
 [-8.57905437e-02 -3.58038582e-01  1.54499935e-01  2.24538786e-02
   2.43429953e-01 -2.62752339e-01  2.97032469e-01  5.25357194e-02
  -1.30709370e-01  1.58212423e-01 -9.33925805e-02  1.10528996e-01
  -4.35489637e-03 -1.75204189e-02 -8.45921555e-02 -1.88997754e-02
   1.18579918e-01  5.23109447e-03  1.96511970e-01  3.68504050e-02
  -9.81477678e-02  5.90141288e-02 -3.13302771e-01 -1.52024545e-01
   8.00024384e-02 -1.12837787e-01  3.42888070e-01  2.00116485e-01
   1.27084821e-02  8.14377949e-02  2.39797437e-01 -4.25182128e-02
  -1.18872025e-01  9.10044598e-02  9.31802728e-02 -1.70383520e-01
  -1.45719337e-02 -1.95733751e-01  1.39088415e-02  4.19941008e-02
  -7.03780328e-02  5.10167085e-02  2.47308878e-01 -3.65062588e-02
  -1.81245621e-01 -5.16593963e-02 -2.17217158e-01  9.55246129e-03
  -1.28902440e-01  1.37133381e-01  1.32090534e-02 -3.86368093e-01
  -1.49925108e-01  7.50292903e-02  8.49191420e-02  1.86332038e-01
  -1.02270226e-01 -1.66850945e-01  8.96110040e-03  2.19305334e-01
   4.97951169e-02 -2.38260202e-01  1.21905672e-01 -3.96275049e-03
  -2.89002460e-01 -1.29879512e-01  1.45776129e-01  3.03310209e-02
   1.35437542e-02 -1.71845728e-01 -3.22183027e-01 -3.36789487e-02
   2.90786124e-01 -9.01796471e-02  1.54114683e-01 -7.05224962e-02
  -4.99985936e-02 -4.15129798e-02 -5.30511643e-02  2.94385957e-01
  -7.08458608e-03 -1.05137075e-01 -8.09130705e-02  2.78469936e-01
  -9.19889136e-02 -8.34729770e-02 -1.41077820e-01  4.93427547e-03
   4.76741956e-02 -1.34419951e-01  7.44048910e-02  2.33022349e-01
   1.04324065e-01  9.20429145e-02 -3.87559217e-02 -7.90627004e-03
   1.48454605e-01 -2.05788680e-01  1.81413433e-01 -1.02532358e-01
  -1.97327553e-01 -5.25403740e-02 -8.05932408e-02  3.25913159e-02
   1.56497706e-01 -7.99362315e-02  7.21799994e-02  1.43110894e-01
  -3.16516222e-01  1.19003704e-01 -2.25800819e-02  9.47634889e-02
   3.67177439e-01 -4.73068173e-01  2.59947831e-02  1.04376191e-02
  -5.32565695e-02  2.49953505e-01 -1.41991784e-01  1.02294098e-01
  -7.62505395e-02 -1.64792050e-01  4.27385942e-01  2.86076879e-02
   1.35527298e-01  1.41982975e-01 -3.59578224e-02  1.32895543e-01]
 [ 6.86341288e-02 -8.12963470e-02  3.85130385e-02  6.16257579e-02
  -2.00683433e-01 -7.76893712e-02  9.26420010e-03 -6.25857895e-02
   3.73366174e-02  1.57945843e-01  9.61395001e-02  3.90363236e-02
   3.82863566e-03 -6.09286886e-02 -4.85429489e-03 -1.15683427e-02
   2.33928152e-01  1.56072917e-01  1.35056654e-01  3.02591753e-01
   7.81367158e-03  1.51612571e-01  1.85071931e-01 -3.83265326e-02
   2.60523402e-03 -4.34203698e-01 -1.89132394e-01 -1.75867923e-01
   9.28523588e-02  2.46393757e-01  2.62115707e-02 -7.12393868e-02
  -7.42172509e-02 -1.80363728e-01 -3.40071955e-02  5.37906625e-02
  -1.88321076e-01 -3.28523446e-02 -8.42353618e-02 -1.42493440e-01
  -3.64223488e-03 -9.14175492e-02  2.40833024e-02  1.74755667e-01
   2.01172885e-01  4.59465068e-02  2.28318545e-01 -3.06787470e-01
   9.14810304e-03  4.28535907e-03 -2.68700971e-01  4.58306049e-02
   7.51670014e-02 -1.44826851e-01 -2.08350053e-01 -9.34308698e-02
  -2.38925968e-01 -1.10282815e-01 -2.34182177e-01 -1.29138382e-01
   6.81062135e-02  4.64965530e-02  2.61814940e-01  7.09311724e-02
   2.49263156e-01 -4.43806657e-02 -4.98720467e-02  1.89001816e-01
   3.10188530e-01  1.35419435e-01  1.13515546e-01 -8.65787015e-02
   8.45416718e-02  2.70479702e-02  5.08170329e-02 -4.23600192e-01
   1.13992233e-02  6.09207895e-02 -1.35309966e-01 -5.66064995e-02
   4.14038824e-02  2.64483873e-01 -2.19046004e-01  3.75211767e-02
  -1.46300776e-01  8.20255060e-02 -2.04027665e-01 -1.65330595e-01
  -1.69927897e-02 -4.53462120e-02  7.71026706e-02 -3.25371933e-01
  -1.96796884e-01  1.92185994e-01  2.45786425e-01  1.26900541e-01
   6.18008878e-02 -2.81643370e-01  1.67913211e-01 -2.09746635e-01
   1.41769025e-01  1.54872189e-01 -3.14728651e-02 -2.69478220e-02
   1.39434102e-01  5.90204155e-02  1.33827070e-01 -1.06101449e-01
   1.95667089e-01 -1.49497859e-01 -6.56509577e-02  3.18609391e-01
  -1.84713760e-01  1.14614379e-01 -2.78243414e-01 -4.67517395e-01
  -2.13583875e-01 -1.66815234e-01  5.22197971e-03  1.36881433e-01
  -7.40445350e-02  1.26277876e-01 -3.72653942e-02  1.51328754e-01
  -1.06162856e-01 -3.50197341e-01 -2.11068652e-01  1.37653066e-01]
 [ 2.06969915e-02  1.42108476e-01 -5.54388967e-02  9.83486693e-02
  -1.46293885e-01 -8.21203774e-02 -1.13474291e-01 -1.66577657e-01
  -7.91703366e-02  1.72447015e-03  2.57832013e-01  1.99165395e-01
   2.19072000e-01  6.47081353e-02  1.09682640e-01 -5.66043559e-02
  -8.64099774e-02  3.74259885e-01  1.81838810e-01  4.37912148e-03
   1.61219610e-02  5.38059006e-03  1.02829950e-01 -8.94635292e-03
   3.03601519e-02  9.93226969e-02  1.66145058e-01  1.02405385e-01
  -8.45816297e-02  2.27419917e-01 -1.55669079e-01  9.13942297e-02
  -1.76608354e-02 -1.17868034e-01  7.79531423e-02  1.55705106e-01
  -4.24855416e-03  6.67542050e-03 -2.07772930e-02  1.90323865e-01
  -1.48677330e-02 -5.09856337e-02 -7.64210031e-02  3.82442962e-02
  -6.16218696e-02  1.16230024e-01 -1.66095099e-01  8.42630739e-02
  -1.04660514e-01  1.49457630e-01  3.79927269e-02 -1.72536225e-02
   1.75186133e-01 -8.90137182e-02 -1.56027902e-01 -1.16344965e-01
  -2.70902817e-02  6.47045860e-02  2.54598546e-01  4.31549171e-02
   1.41866582e-01  7.89560963e-02  5.79311462e-02  1.31620482e-01
   5.49697617e-02  4.57865226e-02  9.08125547e-02  1.37449546e-01
   2.04285330e-01 -1.96198311e-02 -2.51014552e-02  1.94456378e-02
  -9.31976540e-02  3.04290300e-02  8.30853279e-02 -2.82468506e-02
  -1.69469726e-01 -2.06726939e-01 -1.39699044e-02 -9.23320077e-02
   1.80042333e-02  4.00216965e-01  5.83954248e-02  9.57616925e-02
   1.00873893e-01 -9.52192780e-03 -1.46387312e-01 -4.43533551e-02
  -1.30042363e-01  7.00406621e-02  1.00777598e-01 -2.81581475e-01
  -1.98808634e-02 -1.09485589e-01  1.15827782e-01 -1.02583258e-01
  -5.98681669e-02  7.61724029e-02  4.74780563e-02 -1.42331685e-01
   2.05265825e-01  2.04621451e-01  1.30957304e-02 -5.48139701e-02
   1.06587119e-01 -1.24005797e-01 -1.34950805e-01  3.07919409e-02
   2.05390622e-02 -1.68556095e-01  1.20854854e-01  4.38256609e-02
   3.92755150e-02 -1.08591154e-01 -2.89043299e-02  8.13970372e-02
  -6.08077506e-02 -1.02481751e-01  2.94140726e-01 -3.40363182e-02
  -1.14201760e-01 -1.32036783e-02 -2.50503958e-01  2.25810897e-01
  -9.44270201e-02  1.24763500e-01  2.84174899e-01 -1.93573751e-01]
 [ 3.35657627e-02  1.71390974e-01  2.77536425e-01 -1.48824225e-01
  -1.19570136e-01  1.69756152e-01 -1.19014835e-01 -1.28811143e-01
   8.95463171e-02  5.48142068e-02 -2.18148931e-01 -1.22918043e-01
   3.87649323e-01 -1.04455718e-01 -2.24293952e-02  1.46727010e-01
  -2.30180396e-01  1.84042998e-01 -6.45796221e-02  9.49320417e-02
   1.89977658e-02  2.60963713e-01  1.18181920e-01 -3.67210431e-02
  -9.20345155e-04 -9.59989520e-02  8.57260165e-02 -2.19152798e-01
   1.80032377e-01  4.37462657e-02 -1.80505329e-01 -2.91117419e-01
  -1.65912287e-02  6.03027655e-02  1.97782844e-01 -1.42915435e-01
  -1.64826906e-03  2.41271932e-01  1.52039726e-02  4.21859539e-01
  -1.52167903e-01 -1.94782167e-01  1.70381152e-01 -5.53659659e-03
  -8.03555433e-02  2.54900256e-02 -1.81236103e-02  3.47621493e-02
   9.53839493e-02 -4.50341010e-02  1.71147706e-01 -8.14428773e-02
  -2.90412336e-02  4.27129012e-02 -8.95573016e-02 -1.23848846e-02
  -1.54016968e-01  4.83373131e-02  7.02269023e-03  3.69885641e-02
  -2.12629562e-02 -9.45990503e-02  3.81784544e-02  9.68524459e-02
  -9.05167134e-02  1.78392181e-01  5.15211794e-02 -3.24996079e-02
  -9.81999388e-03  1.85207751e-01 -5.55675941e-03  8.49271525e-02
  -1.09552389e-03  3.20648710e-02 -3.49598007e-02  6.77928620e-02
   3.23015882e-01  2.03918024e-01  1.13035205e-01 -9.72345314e-02
  -4.26738131e-02  1.81167557e-01  1.66565658e-01  1.56669815e-01
   9.18989482e-02 -1.87221580e-02 -1.65505548e-01  2.16820961e-01
   1.25447970e-01 -1.31249686e-01  2.71669012e-01  7.29796337e-02
   8.30682279e-02 -1.96532067e-03  2.96270446e-01  1.93064456e-01
  -4.71871045e-02 -4.09653950e-02 -9.39391667e-02 -9.83494792e-03
  -1.83819281e-01  3.07426559e-01 -4.05435167e-03  3.15378089e-01
   6.55762039e-02 -2.52315786e-02 -8.37513900e-02 -2.69814175e-03
  -2.07730006e-01  7.41313446e-02  3.25896756e-02  1.13986399e-02
   1.21207763e-01  2.42532879e-02  2.52136186e-01  4.06746393e-02
   7.58546016e-02  2.20872383e-03  1.81908483e-01 -4.41589575e-02
   1.46067331e-01  1.07188820e-01  2.05851600e-01 -2.11863928e-01
   1.93787512e-01  8.18527185e-02 -1.41832218e-01 -3.71551668e-01]
 [ 1.10522937e-01  2.13816873e-01  7.72225672e-02  8.74290935e-02
  -1.13832033e-01 -1.03491762e-01 -6.05479398e-02  7.57561032e-02
  -2.85413062e-01 -1.75762937e-01  2.38785227e-02  1.04065325e-01
  -2.09840152e-02  2.67836337e-03 -1.41536322e-01  1.95156564e-01
   4.26467624e-03  7.70240331e-02 -9.27396025e-02 -1.07707554e-01
  -9.26279401e-02  1.31461321e-01 -2.56227016e-01  3.39465290e-02
   7.88248768e-02 -2.11637711e-01  1.85797526e-01 -1.36736761e-01
   1.03389486e-02  1.61178584e-01  6.10494207e-02 -1.53570674e-02
  -9.17672925e-02 -5.92984954e-02  1.93763120e-01 -6.24420769e-02
   1.42698092e-01  1.15895382e-01  9.82522887e-02 -1.41734132e-01
   1.40380289e-01  1.53469567e-01 -6.01010798e-02 -2.58792766e-02
   1.47394162e-01 -3.59167913e-01 -4.02569590e-01  1.93143739e-01
   7.98480808e-02 -7.70288467e-02  7.90896918e-03 -1.39372771e-01
  -1.40044411e-01  1.03487460e-01  3.45910309e-02  1.91929372e-01
  -1.69956021e-01  2.34517360e-01  6.25804859e-02  1.68367649e-01
   2.35362278e-02  2.93400380e-02 -4.24118913e-02  1.87528616e-01
  -2.36893028e-01  6.86253565e-02  1.44962464e-02  8.08931072e-02
  -2.76447047e-02  5.80087625e-02  7.30982255e-02  5.47841119e-03
   1.08169538e-01 -8.48695588e-02  5.52728457e-03 -3.34415790e-01
   8.72205566e-02 -2.79288649e-02 -1.26055349e-01  4.65659435e-02
  -6.42591244e-02  4.26695220e-02 -1.05932661e-01 -7.67723653e-05
   1.02422456e-01  5.89609298e-02 -1.13523885e-01 -3.50479311e-02
  -8.59780736e-02 -1.34021772e-02  1.16801640e-01  7.38147513e-02
  -8.39579911e-02  9.42865623e-02  3.10574778e-01  6.64893358e-02
   2.98668144e-02 -7.88082586e-03 -2.02521136e-01 -2.58913802e-01
   1.54450879e-01  2.22054638e-01  1.10031978e-01 -3.89194377e-02
  -1.66779756e-01 -1.13733874e-01 -2.44218905e-01  4.79756445e-02
  -4.03979409e-02 -2.18683131e-03  2.52108791e-01 -1.72668110e-01
   7.34481873e-02 -9.63222480e-03  8.93635188e-03  8.37095383e-02
   4.95374401e-02 -7.95119562e-02 -8.44828525e-02 -6.24219383e-02
   1.45566049e-01  1.44235133e-01 -5.70379065e-02  1.49913070e-01
  -5.11421688e-01 -1.85463651e-01 -1.89600706e-01 -3.79570010e-03]
 [-5.02508810e-02 -1.92823686e-02 -2.88585354e-01 -3.94579232e-02
  -2.11062365e-01 -1.23439861e-01 -2.47163158e-02  8.66541705e-02
   3.09126071e-02  1.80869488e-01 -6.02475785e-02  1.15669561e-01
   1.75334550e-01 -2.38093327e-01 -1.60243350e-01 -3.43254647e-02
  -4.54563635e-02 -1.62249410e-02  6.07159050e-02 -1.53528994e-01
  -5.46023039e-02  4.04864480e-02 -4.06397495e-02  1.03765414e-01
   7.14449530e-02 -1.99550737e-02 -7.93135341e-02 -9.90228609e-02
   1.43905850e-01 -1.50460883e-01  5.28197714e-02 -1.34852029e-01
   1.27718149e-01 -2.05549168e-01  8.00733913e-02  9.46557112e-02
   2.68786833e-01 -1.10591445e-01 -1.40550586e-01  1.26481569e-01
  -1.88514400e-02 -4.08870220e-02 -9.00698811e-03 -1.09936629e-02
   4.24004672e-02 -1.38381417e-01  8.56291615e-02  1.32114119e-02
   1.79854866e-01 -2.81202870e-02 -1.41783643e-01  1.85118194e-01
  -2.27202722e-01  2.66407377e-01  5.50193748e-02 -1.14336919e-01
  -1.18353451e-01 -2.81883240e-03 -1.35058065e-01 -1.68051525e-01
  -2.93574861e-01 -8.15487748e-02 -6.96882042e-02  4.03557857e-02
  -6.87949580e-02 -8.90389074e-02  1.05945849e-01 -1.77454285e-02
  -1.08142379e-02  8.96334868e-02  1.43860709e-01  1.06083885e-02
  -1.47671176e-01 -1.73188779e-02 -4.11232406e-02 -3.75884020e-02
   8.60169164e-02  1.56501171e-01 -1.02854056e-01 -1.22287461e-01
   3.70019027e-02  1.81035997e-01 -8.22441201e-02  1.26597634e-01
   9.51629715e-02  1.51554745e-01 -1.76717382e-01  2.01902640e-02
  -4.64690242e-02  1.41722937e-01 -3.36315127e-02 -1.06464601e-01
  -6.72605149e-02  5.68085828e-02 -9.17117962e-02 -1.17802950e-01
   9.53098646e-02  1.45042742e-03 -1.64279781e-01  1.10124874e-04
  -2.15280131e-01  3.00687156e-01 -1.60214576e-02 -1.29527790e-01
  -6.15310796e-02  1.81594350e-02  7.44327013e-03 -2.87157399e-01
   4.31632949e-02 -1.94076235e-01 -1.55753725e-02 -4.11504077e-03
   1.56572445e-01 -1.65742023e-01 -1.92449259e-01  1.32330860e-01
  -1.85319845e-02 -6.91938090e-02  1.25981590e-01 -1.07354962e-01
  -2.21148541e-02  4.00269786e-02  2.19085787e-01  1.41704861e-01
   2.18827447e-01  7.33755968e-03 -1.00106275e-01  1.64994976e-02]
 [ 1.02549327e-01 -1.09642291e-01  1.28994818e-01  2.15007010e-01
   1.03939835e-01  2.19493791e-02  3.49935430e-02  1.17402168e-01
   3.69126343e-02 -2.48876949e-01  1.17422308e-01  1.15600181e-01
  -1.53431995e-01  2.99063921e-02  6.66979996e-02 -6.29159554e-02
   1.71022948e-01 -2.88807383e-01  4.91416927e-02 -2.38183881e-01
   2.98034435e-01 -9.15804361e-02  1.78985375e-01 -3.21734272e-01
  -1.38321411e-01  4.60130370e-02  2.31766851e-01 -7.57196311e-02
  -8.66416602e-02  1.34665502e-01  5.39275113e-02 -6.41131341e-02
  -1.04953345e-01  1.48751740e-01  8.00126791e-02  5.14374567e-02
   1.42349980e-01  2.33755424e-01 -2.41260839e-03  2.10439477e-01
  -3.98938674e-02  3.06625658e-01  7.50588330e-03  3.60643051e-02
  -7.34247858e-02  1.12902618e-01 -2.56372121e-01 -1.79257579e-01
   2.78447541e-02 -2.17286823e-01  1.21634987e-03  5.58625965e-02
   1.83568803e-01 -8.29058187e-02  8.39371701e-02  2.18960990e-01
   1.73386252e-01 -2.59671747e-01 -2.65638604e-02 -3.28711507e-01
   1.65434219e-02 -2.29301897e-01 -2.34506100e-02  1.96983580e-01
  -1.31085280e-01 -6.05978378e-03  1.57073229e-01  8.43710399e-02
  -8.91821585e-02 -1.86964433e-01 -1.58691003e-01 -6.37584412e-02
   1.68753893e-01  1.66877072e-01  8.09510473e-02  1.65821720e-01
  -3.28569802e-01 -1.02847252e-02  1.30990555e-04  2.56901971e-02
  -2.74612191e-02 -1.50169915e-01  3.10081669e-01  4.71996414e-02
   1.99686507e-03  2.35614638e-01 -9.61438826e-03 -2.54829588e-02
   6.52454282e-02  2.02392039e-01  2.49445162e-01 -1.36830537e-01
  -1.61723341e-01 -1.78827514e-01 -3.83002849e-01 -1.90412698e-01
   2.12053231e-01  1.77848375e-01 -4.26351729e-02 -1.50642836e-01
  -2.37745596e-01 -1.56430234e-01  3.31607953e-02  1.18401327e-02
  -1.79584451e-01 -1.80341990e-01 -1.98081038e-03 -4.20882895e-02
   6.41759652e-02  6.15200685e-02 -6.59947077e-02  2.98855094e-02
   2.23617144e-02  1.58585255e-01  1.29795208e-01 -6.94393485e-02
  -1.77793348e-02 -3.85074880e-02  9.62473846e-02  2.10508228e-01
  -3.82627863e-02  1.86187994e-01 -5.41562920e-02  3.59641121e-02
   1.73499522e-01  7.83631269e-02  1.70421007e-01  1.60636547e-01]
 [-7.49472666e-02 -1.58782019e-01  1.24889141e-02 -2.01304675e-02
   1.69455428e-02 -1.87051936e-01 -3.19942571e-02  2.16860813e-01
   1.36563170e-01  1.26426104e-01  7.35694434e-02  2.25699111e-01
   2.84411724e-01  1.62683441e-01 -1.30280551e-01  3.70770266e-02
   9.88840793e-03  1.89315480e-01 -1.28069631e-01 -1.89000389e-01
   1.89808852e-01  1.07745715e-01 -1.57390421e-02  1.14650133e-01
  -1.70744333e-01 -1.85055133e-01 -7.70735465e-02  1.04577330e-01
  -6.83586836e-02  3.03122227e-01  1.72483645e-01 -1.68052765e-01
  -1.23991723e-01  1.03574004e-01 -1.75145815e-01 -3.48677771e-01
   1.12228723e-01  2.47951649e-01 -2.81709868e-02  2.22721338e-01
  -5.59903296e-04  1.63942476e-01  9.41868944e-02 -9.15586225e-02
   2.44595472e-01  6.32670285e-02 -1.63476584e-01 -7.00122078e-02
  -7.47656229e-03  2.21788165e-01 -2.33207939e-01 -4.67751709e-02
   1.14546266e-01 -3.53029145e-01  1.87975503e-01 -9.39719364e-02
   5.83571361e-02 -2.85963532e-01 -1.12459442e-02 -7.68196159e-03
  -7.87816712e-02  4.77774395e-02  3.04702776e-02  2.11067902e-01
  -2.09148734e-02  1.81114334e-01  4.39091059e-02 -1.72728774e-01
  -4.81155927e-02  3.10681415e-01  1.70691066e-01  2.28196895e-01
  -1.19101407e-01  8.82775038e-02  6.76507252e-03  2.30185291e-02
   5.93140334e-02  1.00669682e-01  7.73628067e-02  5.46982628e-03
   1.49472725e-01  2.90146419e-01  1.82781982e-01 -2.73857881e-01
  -2.89835285e-01  7.94291248e-02  1.57310231e-02  8.64848702e-02
  -2.33798440e-02 -1.68778207e-01  3.08321457e-01 -5.76815168e-05
  -1.34387866e-01  2.17893104e-01 -9.44421890e-02  1.66349017e-01
  -1.21910709e-01  4.96491515e-01 -1.06812660e-01 -1.05675846e-01
  -1.05190271e-01  2.48641944e-01 -3.65266954e-02  3.71168319e-02
  -2.88799675e-01  1.63720717e-01  2.26060705e-01  1.50994987e-01
  -9.35183633e-02 -1.62109177e-01  6.27810111e-02  2.01958553e-01
   1.34014828e-01  2.29639401e-01  1.80960285e-02 -1.94758932e-01
   2.86051754e-01 -9.30858674e-02 -1.13514724e-01  3.87162646e-01
  -1.15738969e-01 -2.23984012e-02  1.29895924e-01  9.65695402e-03
  -4.17711380e-02 -1.11473465e-01  1.52310767e-01  2.15249183e-01]
 [ 4.07003122e-02  3.14191978e-01 -1.21890087e-01 -1.38191762e-01
   6.61165438e-02 -6.83897993e-02 -2.52260522e-01  2.93865361e-01
   1.68519576e-01 -5.48427130e-02  1.65582221e-01  3.80056617e-02
   4.03058699e-02  1.46157192e-01 -4.12573799e-01  8.13556590e-02
   3.30488703e-01  1.52018690e-03  2.81132931e-02  3.10281333e-01
  -2.92083740e-01  3.08079406e-01 -2.60778478e-02  4.27834215e-02
   2.48808174e-01 -1.67079355e-01 -1.55939326e-01 -7.41543676e-02
   1.51398239e-01  1.28490178e-01  2.00307842e-01  6.96883972e-02
  -1.21310242e-01  1.70813931e-01 -1.07335266e-01  1.29302456e-01
  -3.52035033e-02  2.52256096e-01  1.56569225e-02 -2.54304397e-02
  -2.36518146e-02 -4.38497646e-01 -2.85452731e-01  1.05785240e-01
  -2.69439681e-01 -3.40307209e-02  5.45829829e-02  1.79036581e-01
  -9.95561554e-02  4.79355566e-02  2.08333589e-01  9.03201058e-02
  -2.04550159e-01  3.48477157e-02  1.27287771e-01  8.97753371e-02
  -3.36147949e-01  1.61351514e-01 -4.78187056e-02 -3.05986736e-02
   2.01608812e-01  3.37584095e-01  1.31773154e-01  2.51932865e-04
  -2.05925169e-01 -4.86544803e-01 -5.39529833e-02 -6.51405875e-02
   5.97201635e-02 -1.36662147e-01 -1.06773324e-01 -6.03552980e-02
   2.08592420e-03 -7.38783664e-02 -1.17336701e-02 -1.23712793e-01
   1.56633171e-01 -7.30329433e-02  2.12665132e-01 -2.91465560e-01
   2.80345708e-01 -1.80546828e-01  8.07819859e-02  1.79799258e-01
   2.26571689e-01  1.64367744e-01 -6.18396062e-04  3.49293449e-02
   1.31385850e-01  2.15369871e-01  3.52830619e-02 -2.28624220e-02
  -3.78285445e-02 -1.98820235e-01 -7.59005826e-02 -1.15927571e-01
   1.36277083e-02  2.93883070e-02  7.01802566e-02 -7.11342334e-03
   1.62715142e-01  1.48376153e-01 -1.62196195e-02  2.57173881e-03
   7.17382126e-02  1.70143751e-01  1.52673278e-01 -2.07436978e-01
  -3.05086774e-03 -8.18051738e-02 -9.67624765e-02 -1.15010142e-01
   1.60364893e-01  2.26039775e-01 -1.69288579e-01  9.78090078e-02
  -1.01034080e-01  1.05806113e-01  2.09160944e-01  4.03325469e-01
  -2.89648529e-01 -7.68664653e-04 -8.82897291e-02  2.05214869e-01
   9.09912653e-02  1.39352645e-01 -7.45452678e-02 -7.48610954e-03]
 [ 1.01232885e-01 -4.52638253e-03 -8.60027782e-02  1.28615427e-01
  -5.06865122e-02  2.26475212e-02 -6.10905428e-02 -3.12888033e-02
  -7.28373883e-02  3.20781673e-01 -2.81979604e-01 -6.37625245e-02
  -3.45769117e-02 -3.34954244e-02 -4.55990134e-02 -2.49756565e-01
  -1.93292400e-01  9.22929014e-02  1.73707001e-01 -3.08352080e-02
  -2.38440530e-01  2.33185149e-01 -4.76252063e-02 -1.57125646e-02
  -3.24829668e-03  7.08939195e-02  6.08712496e-02  1.69123010e-02
  -1.13746090e-01  3.12430918e-01  9.16345570e-02 -5.04797913e-02
  -5.25017492e-02  6.33833122e-02  2.87580449e-01 -1.47108070e-01
  -1.38555388e-01  5.02193661e-02 -1.88261430e-01 -2.24350654e-01
   1.03642815e-01  1.92074104e-02  1.44163746e-01  9.28747128e-02
   2.92862909e-02 -3.71777670e-02 -1.58367239e-01  8.23286610e-02
  -4.83188145e-02 -1.82687036e-02 -4.66883082e-01  5.62039558e-02
   2.24522822e-01 -6.37178775e-02 -2.53477368e-01  6.21931569e-02
  -1.39729977e-01 -1.60745668e-02 -3.51216560e-02 -7.58693091e-02
  -1.93985433e-02  1.28626864e-01 -1.59254753e-01 -8.42993272e-02
   9.68232938e-02 -2.74300469e-01  2.51909522e-01  4.81705228e-02
   7.47435384e-02  5.90425434e-02  3.03886610e-02 -1.60483570e-01
   1.33301211e-01 -1.63449241e-01 -4.55263220e-02 -8.32110590e-02
  -5.94770582e-02 -1.38685493e-01  2.27490155e-01  3.69812879e-02
   1.57117515e-02  2.39612867e-01  2.34540955e-01 -9.79329453e-02
  -1.28806404e-01  1.39924546e-01 -2.81339025e-01  2.00094355e-01
  -1.56970939e-01  3.16568685e-02  1.02069287e-01  1.20905757e-01
  -7.01891456e-02  1.59498969e-01 -7.02059941e-02 -9.90002683e-02
  -1.36517189e-02 -3.92097539e-02  8.81247231e-02  6.83352376e-02
   8.49623348e-02  6.58639729e-02  2.47899727e-01  2.33892256e-01
  -2.11893151e-01  7.10553224e-02  1.95378627e-01  1.26226964e-01
   2.06621268e-01  1.37567027e-02 -2.92455733e-02  4.71760275e-02
   7.44307076e-02  6.94776671e-02 -1.10658005e-01  3.96150045e-02
  -1.29261440e-01 -2.33933154e-02 -8.92359789e-02  1.15349187e-01
   3.10444338e-02 -5.02045496e-02  8.79157133e-02  1.56043299e-02
  -6.25112850e-02 -1.31490300e-02  2.21233263e-01 -2.62882983e-01]
 [ 8.80956531e-02  2.16413139e-01  2.59675064e-01 -5.15291791e-02
  -9.37117523e-03  2.66110611e-01 -1.52960650e-01  5.08545165e-02
  -9.45289027e-02  9.59330322e-02 -3.11183971e-01 -1.72662742e-01
   1.58752111e-01  1.82078703e-01 -2.86347939e-01  7.24901769e-03
   5.68986664e-02 -1.08203631e-01 -9.88291502e-02 -2.45951923e-01
   9.10210416e-02 -3.95876061e-02  1.07725237e-01 -5.98424030e-03
   3.23045235e-01  1.48880499e-03  1.93807577e-01  1.08280661e-03
   9.40776332e-02  1.82701761e-01  5.77649404e-02 -6.22150852e-02
  -1.42696455e-01 -8.99839542e-02 -3.03946470e-02 -9.25782223e-02
  -2.43343241e-01 -8.54103157e-02  1.57755947e-01 -9.36190498e-02
  -1.08172924e-01  2.04923657e-02  2.91605516e-02 -2.75802803e-02
  -1.85049214e-01 -1.35527270e-03  1.36242671e-01  2.94016220e-02
  -1.25050646e-01 -1.61721842e-01 -7.03784354e-02 -1.80305272e-01
   2.80262485e-02 -4.27838435e-02 -2.18069604e-01  3.44572280e-01
  -1.39833012e-01 -6.36496024e-02 -2.14856536e-01 -1.42840646e-01
   6.68743840e-02 -1.05431487e-02  9.17945995e-02 -1.38800494e-02
   2.21981772e-01 -2.80514529e-01  3.67958185e-01  2.80825563e-01
   2.13806751e-01 -1.32206562e-01 -2.85425464e-01  9.01687859e-02
  -1.80251418e-01  2.34257969e-02 -6.05243105e-02  4.65638852e-02
   6.60216380e-02  1.27333609e-01 -4.86980921e-02 -1.31330756e-01
   3.74936847e-02  6.96970609e-02  4.55894103e-02 -3.09463814e-01
   5.13831496e-02 -2.11009496e-01  7.39173809e-02 -3.94430181e-02
  -1.53730383e-01  1.49282858e-01 -4.20715215e-03  1.20961704e-01
   7.37340022e-02  1.02897099e-01 -1.38580691e-01  1.71902753e-01
   2.06904598e-01 -1.35743314e-01 -5.49972597e-02  4.14585328e-02
   1.09702405e-01  1.00245320e-01 -1.79871329e-02  1.15101213e-02
   3.23949547e-02 -1.60212019e-01  6.46207660e-02 -2.03397542e-01
   9.69959307e-02  9.87907765e-02  1.23354920e-02 -2.59405930e-02
  -5.06954235e-02  4.15181354e-02  2.11428922e-02 -1.94386743e-01
  -1.93934867e-01 -2.18288624e-02 -2.19380773e-01 -5.32459925e-04
  -3.53238305e-02  1.41239705e-01 -1.18598281e-01  5.29178225e-02
  -2.10489228e-01 -1.83889472e-01 -2.70116835e-01  5.55113540e-02]
 [-1.15767690e-01  2.98023062e-01 -1.05787139e-01  1.97571749e-02
   2.95293300e-01  2.05263332e-01  3.86479356e-02 -3.83537762e-01
   1.54170393e-01 -8.92751865e-02  1.61295205e-01  1.36416105e-01
  -6.69302766e-02 -3.45884342e-02 -2.08229697e-01  5.82050461e-02
  -3.38287056e-02 -6.58420554e-02 -2.61976413e-01  1.03531212e-01
   8.04990064e-02  2.64568375e-01  2.15024191e-01 -1.20261366e-01
  -6.84508652e-02 -6.64477030e-02 -3.95127392e-02  1.40799244e-01
  -9.06902965e-02  7.73469961e-02  8.02262962e-02 -4.96733508e-02
  -2.49453951e-02  9.71311704e-02  4.56312659e-01 -1.63725474e-02
  -2.75897646e-01 -6.00753690e-03 -8.97669524e-02  1.67277679e-01
   9.09506562e-02 -6.15799909e-02  2.91239193e-02 -8.52202094e-02
   3.73296558e-03 -1.40023917e-01  2.54650055e-01  1.99611654e-01
   1.98040648e-01 -1.47059507e-01  1.31935883e-01 -7.42297404e-02
  -1.57172609e-01  1.74639893e-01  4.64737423e-04 -1.81231031e-01
  -2.65637606e-01  2.03699194e-01 -1.72728286e-02 -1.21334624e-01
   1.92827163e-01 -1.57777101e-01  9.76718583e-02  2.74628869e-01
  -2.61756753e-02 -2.49991965e-01 -1.31750744e-01 -6.17586704e-02
   1.03259704e-01 -2.84582759e-02 -1.47019804e-01 -2.16605936e-02
  -1.03879508e-01 -1.43197876e-01 -4.77333669e-02 -1.92859156e-01
  -8.83053203e-02 -6.16326366e-03 -2.12651077e-01  2.14091519e-01
  -3.66307922e-01 -9.15652287e-03  2.40350672e-01 -5.06633346e-02
  -8.23254735e-02 -1.36230477e-01 -1.25374428e-01  2.31206922e-01
   2.26997684e-01 -1.57246707e-01  7.12400485e-02  1.66786479e-01
   5.07805411e-02 -1.95831483e-01  3.95966493e-03 -6.69873574e-02
   2.15864563e-01 -3.70741034e-02  6.90136198e-02 -6.84636570e-02
   3.40878429e-01 -2.19228745e-01 -2.69837842e-02  1.44405655e-01
   3.15083557e-02  6.02398150e-03 -1.12937923e-01 -8.17617037e-02
  -1.46527617e-01 -1.63858406e-02 -3.29629440e-02  3.50370346e-01
   5.99306251e-02 -3.75112049e-02  2.90333631e-02  3.05908461e-02
  -5.69225776e-02 -1.48902053e-01 -3.66492857e-03  1.94913920e-01
  -2.14494457e-01 -2.57158754e-01  2.46179662e-01 -8.46778451e-02
  -3.85061532e-02 -2.08960746e-01 -6.59426983e-02  4.74022930e-02]
 [ 7.67094122e-02  6.59555444e-02 -2.32063502e-02 -1.71726008e-01
   8.25462731e-03 -3.11167038e-02 -6.60303969e-02  1.97851345e-01
   1.76346522e-01  1.45885916e-01  6.46208719e-02 -3.48942248e-02
  -1.02209626e-01 -4.51297309e-02  3.90828163e-02  2.59070844e-01
   7.85488534e-02 -2.26430715e-01  1.05136086e-02 -1.15016217e-01
  -4.25271183e-02 -1.02287030e-01 -1.74265792e-01  2.68126985e-01
  -2.15181587e-01 -1.91465882e-01  3.56904084e-02  1.50889506e-01
   1.18816189e-01 -2.44495950e-01  2.10830261e-01 -7.20682895e-02
   1.13246608e-01 -4.53143305e-02  1.51646569e-02 -3.61863460e-02
   1.61740738e-01  2.49361201e-02 -1.26308666e-01  8.27505578e-02
  -3.07786554e-02  8.17167228e-02 -3.74635941e-02  1.01653689e-01
   1.07000207e-01  6.31729650e-02  1.77500923e-01 -1.02333535e-01
  -5.14768907e-03  1.10307391e-02  9.54981785e-02 -3.34129984e-02
   8.32324513e-03  1.10973364e-01 -1.61627526e-01 -2.19820503e-01
   9.80262526e-02 -3.25050698e-02 -7.56896032e-02  2.97546086e-01
  -4.89282093e-02  1.81409097e-01 -1.42893432e-01  1.89519078e-02
  -1.36866140e-02  1.28644396e-01 -1.76831277e-01 -2.85491155e-01
  -1.56721102e-02  2.45494213e-02  1.92292302e-01  1.01186072e-02
   6.01818772e-02 -5.24399833e-02 -1.35980149e-01  3.89723565e-02
  -1.99376599e-01  1.93543256e-01 -1.65754610e-01  3.34588290e-02
   3.86059239e-02 -2.70697004e-03  1.52112563e-01  3.92472533e-02
   1.66020690e-01  7.56194974e-02 -2.06071860e-01  1.04377837e-01
  -4.08778018e-02 -2.25577536e-02 -9.68640132e-02 -6.38718081e-02
   1.30414505e-02  1.67463804e-02  1.21812884e-01 -1.28762785e-01
  -9.57904741e-02  4.29065624e-02 -5.10450814e-02 -7.44429521e-02
   7.94272770e-03 -1.47262303e-01  1.05208492e-01  2.05092720e-01
  -1.78930025e-04  1.57191989e-02  5.44605309e-05 -1.02852787e-02
  -1.42883243e-01  1.21499374e-02 -1.31421780e-01 -6.75237121e-02
   7.25351643e-02  1.20265441e-02  1.49619886e-01  1.25508897e-01
   1.47038477e-01 -6.70494859e-02  5.75821102e-03  6.75710485e-02
  -4.77721855e-02  4.58120033e-02 -1.17880495e-02 -1.21163039e-01
   1.34826551e-02 -1.82445623e-03 -6.76233150e-03  3.31509175e-04]
 [-1.99681557e-02  1.65411749e-02 -2.08201840e-01  4.28445848e-01
  -2.85234932e-01 -6.54068196e-02  6.27918805e-02  8.06806891e-02
   5.58436927e-02 -9.76325000e-02  8.72096436e-02 -1.06531142e-01
  -6.21269560e-02  1.36098731e-01 -1.29607912e-01 -2.40509760e-02
  -1.41190602e-01 -9.74168258e-02  1.60285049e-02  3.48839878e-02
  -3.11013878e-02  1.12300834e-01 -4.85915908e-02  9.24931834e-02
   2.09702762e-02 -1.87897438e-01  9.99317875e-02  1.53063651e-01
  -2.95537770e-01  2.66995291e-01  2.87788871e-02 -2.20354908e-01
  -8.68202329e-02 -2.11428329e-02 -3.31138472e-01 -1.51376253e-01
  -1.61557153e-01  2.74836375e-01 -6.65672716e-02  6.58233198e-02
   4.47248336e-02  1.99234108e-01 -3.60160591e-02 -2.99189708e-02
  -2.10046237e-01  1.34614188e-01 -5.60064482e-02  3.74523161e-02
  -5.49518054e-02  2.37784395e-01  1.31472519e-01 -6.82340130e-02
   2.51952098e-02  2.34910533e-02 -2.35726132e-01  1.43867206e-01
  -4.39892816e-02 -7.51429360e-02  7.99721643e-02 -3.28895304e-01
   1.60353276e-01  2.10855109e-01  4.56305742e-02  9.04800506e-02
  -1.41283193e-02  8.41540334e-02  6.42421167e-02 -3.53568525e-02
   1.92949425e-01  1.53831991e-01 -8.45715964e-02 -1.51920586e-01
   8.07889435e-02 -2.17966763e-02 -7.14970224e-02  1.98623816e-01
   1.42666975e-02 -7.90651899e-02 -1.09995967e-02 -1.94920468e-01
  -2.43777022e-02  2.17584190e-01  4.33766832e-02  2.64815354e-01
  -3.94407287e-02  3.52006591e-01  1.36469395e-01  1.10302814e-01
  -1.68759468e-01  2.36431649e-02  2.46933248e-01 -9.95251979e-02
  -1.45684401e-02  3.31027386e-02 -3.27394497e-01  7.46380900e-02
   1.18095492e-01 -3.79964377e-02 -8.71776672e-02 -4.78804404e-02
   2.82504957e-01 -2.32211045e-02 -1.11886751e-02 -2.25778302e-02
   1.44742594e-01  2.18120918e-02 -2.98657337e-02  2.17962356e-01
   1.69351265e-03 -1.18089646e-01 -1.88143734e-01  6.05833643e-02
  -2.29440719e-02 -2.98619061e-02 -4.20280610e-02 -2.51053344e-03
  -7.53593088e-02  4.54924479e-02 -9.77510550e-02  1.56107602e-01
   2.70941865e-01  1.21979165e-01  6.38807666e-02  2.75642279e-01
  -1.12883026e-01  4.26711601e-02 -6.30566207e-02 -3.17467004e-02]
 [-1.06117833e-01 -5.14647638e-03 -4.42828438e-02 -9.13100069e-02
   5.50737326e-02  9.18561661e-02  1.42758847e-01  1.51154862e-01
   1.21536289e-01 -8.49584023e-02  7.89725535e-02 -2.14220261e-01
  -8.13826010e-02  3.26471442e-02 -1.15195476e-01 -2.80616924e-02
  -2.18743549e-03  1.14382489e-01 -1.08385727e-01 -5.08688667e-03
   1.10183375e-01  1.41470058e-01 -2.12691862e-01  1.95143361e-02
   1.70619544e-02  1.71968690e-01  9.77435426e-02 -9.38804103e-02
  -4.15504236e-02 -1.00737529e-01 -2.93194365e-01  1.16322466e-01
  -2.27320498e-02  9.88809763e-02  3.02002852e-03  5.83293565e-02
  -5.93952596e-02  2.69526869e-02 -4.35612031e-03  4.40787873e-02
   1.28828140e-02 -6.10646558e-02  6.06709534e-02 -1.65913543e-01
   1.00938579e-02  1.43619169e-02  1.86767189e-01  3.58195885e-02
   7.49471811e-03  4.47648871e-02 -1.40206960e-01 -9.84444985e-02
  -3.57180888e-02 -6.20241142e-02  1.26185361e-01 -7.29794141e-02
   8.83369023e-02 -3.60107258e-02  4.14880851e-02  2.89353422e-01
   1.22524178e-01 -6.13177465e-02 -3.41213301e-01  1.00447540e-01
   1.48763380e-01  5.04375125e-02 -1.97489652e-01 -1.73592333e-01
   1.21022634e-02 -5.74310710e-02  1.03525797e-01 -2.11852077e-01
   1.28183933e-02 -6.67941342e-02 -1.66467345e-01  2.33046323e-02
   4.29925725e-01 -4.99967855e-02 -5.43956290e-02  4.37256503e-02
   1.89257059e-01 -2.27223677e-02 -2.58993242e-01  1.85310512e-01
   1.06480274e-01 -1.87886487e-01  4.74374520e-02  1.31479843e-01
  -3.61787038e-02 -2.23601368e-02 -2.00102203e-01 -1.38176412e-01
  -2.32018146e-01 -4.25057308e-02 -2.84711287e-02  1.65518281e-01
   6.93725105e-02  1.84745824e-01  2.44266113e-01  6.54223914e-02
   8.27207475e-02 -2.01405183e-01 -1.81575656e-01  3.66414911e-01
   1.35212801e-01  9.44124893e-02  5.54935763e-02  6.07361678e-02
  -1.88974996e-01 -6.97086814e-02 -1.16351397e-01  3.74233061e-02
   2.15593646e-01  2.09735438e-01  3.09004602e-01  2.31679442e-01
   8.67854876e-02  9.78069527e-02  2.07504602e-01  2.20598623e-03
   1.84867916e-01 -6.83792284e-03  6.64205947e-02  2.07494595e-01
   4.75633256e-01  7.23967957e-02 -2.20591174e-02 -1.81756575e-01]
 [ 1.65863900e-01  1.07406177e-01 -6.54206654e-02  7.57344239e-03
  -4.75950909e-02  1.13392065e-01  4.44687264e-02  1.51376689e-01
   7.41775848e-02 -4.66278228e-02  8.63275386e-02  1.68727928e-01
   1.78635387e-01  9.94399259e-03  3.77141591e-02  1.80404722e-01
  -1.25534269e-01 -1.63204926e-01  1.06713434e-01 -3.41356969e-02
   3.51889850e-02 -9.14269469e-02 -1.72235277e-01 -8.88240144e-02
   6.52998600e-03  1.24445007e-01 -2.00512582e-01  1.16249465e-01
  -2.00700124e-01 -1.10391155e-01 -3.35832764e-02  1.51760050e-01
   8.96421535e-02  8.21594737e-03 -6.30274248e-03  5.66476774e-02
  -6.79133251e-02 -1.62982919e-01 -1.50994028e-02  2.88743438e-01
  -1.33097396e-01  1.52138391e-01 -9.94280746e-02 -4.33236017e-02
   2.12029365e-01 -1.12701563e-01 -2.13678914e-01 -1.60907274e-01
   3.17989489e-01 -1.36357783e-01  4.25992065e-02 -1.07552163e-01
   7.55265611e-02  1.17266539e-01  1.39956444e-02  2.67086912e-02
   1.76413322e-01 -3.53299280e-01  1.05980194e-01  8.84703066e-02
   6.15252108e-03  2.34232024e-02  3.81180878e-02 -6.55548669e-02
   8.58530892e-02  3.21837130e-01 -7.04591719e-02  4.06580930e-02
   1.78378558e-01  1.65876577e-01  2.81172585e-02  4.27113662e-02
   9.90476511e-02  2.98130968e-02 -7.95468115e-02 -1.66626422e-02
   9.43612701e-04  1.41015569e-01  1.68947494e-02  2.87231547e-01
   7.10983770e-02 -1.79610912e-01  2.40955741e-01  3.08602452e-01
   7.26784448e-02 -6.69773569e-02 -2.18363464e-01 -2.33213853e-01
  -4.55956105e-02 -5.87823036e-03 -1.30688067e-01 -4.82597238e-02
  -4.00498026e-02  1.48092535e-01  5.42643549e-02  1.81361380e-01
   1.50794104e-01  3.99854505e-02  2.12358253e-01 -2.35847025e-01
   1.89579312e-01 -1.34194444e-01  1.34915205e-02 -7.51843049e-02
   1.64566629e-01 -2.70411784e-01 -1.10988872e-01  2.91977126e-01
   1.35389099e-01 -7.58372437e-02  2.08256765e-01  1.43632842e-01
  -7.72296109e-02  6.33121132e-02 -5.32580242e-02  2.19775060e-01
  -1.77646886e-01  1.15289022e-01  1.82560803e-01 -8.94040306e-02
   2.28157225e-01 -1.94351913e-01 -1.50356704e-01 -3.45479963e-02
   1.86847605e-02  1.71015053e-01 -1.82361484e-01 -5.65325651e-02]
 [ 2.22100683e-01  5.73223441e-02 -3.32372933e-02 -2.29842427e-01
   5.29933428e-02 -1.15145336e-02  4.32973626e-02  1.35371022e-01
  -6.05286397e-02 -8.45631108e-02  1.87749030e-01 -1.36281195e-01
   1.53109337e-01 -1.36783333e-01 -3.34200099e-02  8.27070747e-02
  -1.00011746e-01  7.91034484e-02 -7.76190134e-03 -3.07251528e-03
   1.74095212e-01 -2.77713434e-01  1.79610718e-01 -2.06781830e-01
  -5.91283696e-02  1.36505551e-01  9.00288271e-03 -2.18503358e-01
  -1.18656619e-01 -7.94439922e-02 -7.50448434e-02 -9.96086914e-02
   5.06713115e-02  1.50236813e-01  2.31805359e-01  1.19191349e-01
  -1.54320046e-01 -2.47492408e-01 -9.34259494e-03  6.85475584e-02
  -5.77635223e-02 -1.03489374e-01  1.31308933e-03  2.86862095e-01
   9.45280560e-02 -1.29743052e-01 -2.52469618e-01 -1.92643390e-02
  -9.55589563e-02 -1.64099286e-01  8.62295470e-02 -2.49565502e-03
  -1.54972096e-01 -1.53358191e-01 -1.14588670e-01 -9.85595110e-02
  -1.77845516e-02  5.43639852e-01  1.45468654e-01  1.01287104e-01
  -2.73015870e-02 -1.35662758e-01  2.08143039e-01  8.78824029e-02
  -2.00623758e-01 -5.00080759e-03  2.16749449e-01  2.78275540e-01
  -5.13605867e-02 -2.87709115e-02 -7.91480467e-02 -9.74494270e-02
   1.90378557e-01  1.30971705e-01  1.02580473e-01 -8.60399851e-02
  -4.03442985e-02 -1.30999858e-01 -1.88833342e-01 -3.72552398e-02
  -6.33901884e-02  1.52025359e-01 -1.81227512e-02 -8.96034483e-02
  -1.90497610e-01  4.11316320e-02  1.94005937e-02  2.14341982e-01
  -2.91931768e-02 -2.04395080e-01 -6.03271371e-03  1.06927714e-01
  -1.13184396e-02 -6.67140444e-03  5.06183401e-02 -1.24289708e-01
  -7.63173512e-02  1.98335922e-02 -1.55849244e-01  1.85681459e-01
  -8.53463610e-02  1.06427252e-01  8.72249928e-02  1.53128646e-01
   2.61519146e-02  1.95390165e-01 -3.49752716e-02 -4.15426620e-02
   6.06929340e-02  1.50884152e-01  1.20479069e-01 -2.12608044e-01
  -2.27941275e-01  1.04074047e-01 -1.47772987e-01 -1.64918165e-01
  -2.82976915e-01 -1.77030583e-01 -3.20492393e-01  2.94905842e-02
  -1.09854448e-01 -2.13874273e-02 -9.85693587e-02 -4.46395022e-02
   5.82015872e-02  8.89381025e-02  3.19785180e-03  3.94925915e-02]
 [-1.61531621e-02 -7.22398777e-02  1.24953705e-01 -1.35554598e-02
  -6.90236327e-02 -4.61101228e-02 -1.01343321e-01  2.32269901e-01
  -1.21723727e-02  6.71181785e-03  1.06302326e-01  6.26550195e-02
  -2.27234606e-01  7.38717038e-02 -1.67876669e-01 -2.63115829e-02
  -4.12145874e-02  7.35592225e-02 -1.91263864e-02  1.63251751e-01
   7.53139449e-02 -4.33826684e-02  6.24831555e-02 -2.32997881e-01
  -5.03767279e-02 -3.32472789e-02  1.34476844e-01  4.73630386e-02
  -7.86342703e-02  2.99179584e-01 -1.59238255e-01 -1.95693782e-01
   1.74313446e-02 -2.83586963e-02  1.11511586e-01  2.51916329e-01
  -1.53767269e-01  2.14784091e-02 -1.41254405e-01 -9.36410154e-03
  -8.72840083e-02  3.35924051e-02 -2.33558028e-01 -2.85843450e-02
  -6.73193939e-02 -3.07176649e-01 -1.41942750e-01  3.53695326e-01
   8.25254823e-02 -7.45588813e-02 -9.64531304e-02 -7.72140722e-02
   1.43951578e-01 -1.72322991e-01  3.21607279e-02  4.63009339e-02
  -8.92163811e-02  3.97304797e-02 -2.65012973e-02 -2.87848571e-01
   2.46587567e-01 -1.45498751e-01 -2.96808666e-02  9.15833070e-03
   6.15332198e-03 -6.13308829e-02  1.46816927e-01  2.01386095e-01
   1.45983813e-02 -3.70155170e-03  1.75512280e-01 -3.04170839e-01
  -2.69074751e-02  7.94149344e-02  4.06115715e-02 -3.31103794e-02
  -3.29745690e-02 -4.78945205e-02  1.22375658e-01  1.85244684e-01
  -2.00153125e-01  2.03011715e-01  2.55726037e-01 -1.66163774e-02
  -1.41668053e-01  4.44814593e-02  1.91638784e-02  1.43673918e-01
   9.51849997e-02  6.76807113e-02 -1.17509507e-01  8.37138021e-02
  -7.86784522e-02 -1.70563351e-01  1.82261448e-01 -2.15775127e-01
   4.00576558e-01 -6.05301462e-02  1.29563196e-01 -2.03632255e-01
   9.35293922e-02  1.07323480e-03  7.05393567e-02  1.89154833e-02
   6.19704008e-02  9.06316594e-02  2.44263225e-02  6.99332285e-02
  -2.48173856e-01 -1.25132423e-01 -2.69034118e-01  1.68865956e-01
   4.38594298e-02  1.87985661e-02  1.90665531e-01  1.86591955e-02
  -2.20770143e-01  2.87270970e-02 -2.14203993e-01  1.23823568e-01
  -1.86082446e-01 -1.07841734e-01 -1.34336417e-02  3.36746350e-02
   7.15348797e-03 -7.03782691e-02  2.99677827e-01 -2.44159680e-01]
 [-1.98643893e-01 -4.65151452e-02 -2.78420205e-02 -6.67562790e-02
   4.40553538e-02  9.68770885e-02 -2.34231630e-01  2.98674990e-02
   1.70353390e-01  7.98812441e-02 -6.41492438e-02 -1.72464914e-01
   1.05876567e-01 -5.73991144e-02  1.23580676e-01 -2.61131100e-01
   9.13815006e-02 -1.37874127e-01  2.87614797e-02  1.42733369e-01
  -1.15554721e-01  3.60538866e-01 -1.63984220e-01  1.54582517e-01
   2.40171414e-02 -1.89782058e-02 -4.02870867e-01  6.02423861e-02
  -2.66625702e-02  1.13619208e-01  2.80878275e-01 -9.51167180e-02
   1.36192688e-01 -6.55964618e-02 -2.82703397e-02 -2.00443473e-01
  -3.21227777e-02  1.13995599e-01 -3.06510801e-01  9.95233612e-02
  -2.19801300e-01 -4.18753395e-02  3.82309153e-02 -4.22303384e-02
  -3.25678660e-02 -8.12670108e-02  3.54228546e-01  1.38736493e-01
  -2.61788205e-02 -8.42250384e-04 -1.44242109e-01 -2.10657277e-02
   1.17500757e-01 -5.03563997e-02 -1.67760420e-01  3.11476588e-01
   7.12112076e-02  1.26973481e-01 -4.16734801e-02  1.34697277e-01
  -7.33678590e-02  2.98062424e-02  2.88942078e-02  6.00446056e-03
   3.49674248e-01  2.82900274e-01 -9.77693974e-02 -6.06311267e-02
  -1.59353820e-01  4.97132970e-02  1.79458417e-01  1.58720952e-01
  -1.06542694e-03 -2.24492615e-01 -1.10086907e-02  1.06391957e-02
   6.70949065e-02  1.67117228e-03  1.56401653e-01 -1.66487396e-01
  -8.07324737e-02 -2.62948745e-01  2.57643569e-01  8.55245027e-02
   3.75461002e-01  1.76476566e-01  3.36114421e-01 -3.80191894e-01
   3.65854933e-02  2.14964234e-02  9.93092038e-03  2.82249426e-02
  -2.22322822e-02 -3.80856303e-02  2.33210718e-01 -1.47758645e-01
  -2.26629468e-01 -1.95361834e-01 -1.07865933e-01 -1.22648849e-01
   2.72575514e-01  1.54468448e-01  6.57028289e-02 -4.99457246e-02
  -1.65523847e-01 -2.07259101e-01  1.68011708e-01  6.35100017e-02
   3.32290175e-02  1.39508799e-02 -8.08939424e-02  1.74069264e-03
  -5.21054278e-02  1.29782862e-01 -1.11103273e-01 -2.68854107e-01
  -2.82646164e-03 -1.93973331e-01 -1.31499747e-01 -1.81084035e-01
  -1.72096589e-02 -2.25189133e-02  3.29724580e-02  2.43387174e-01
   8.73146423e-02 -5.56457344e-02 -7.07385667e-02  1.50297670e-01]
 [ 4.73700594e-02  1.41705229e-01  2.30681893e-01 -2.23153957e-01
   1.55695901e-03 -8.01407238e-02  1.06036996e-01  1.14585438e-01
   7.54081728e-02  1.17782914e-01 -1.33623409e-01 -1.02513534e-01
  -1.48517803e-01  9.64462574e-02 -2.17731234e-02  1.31050257e-01
   2.25724202e-01  8.67908241e-02 -7.57558569e-02  1.11714991e-01
   1.75118090e-01 -2.93306376e-01 -3.60724195e-02 -8.29946989e-02
   7.21553979e-02 -1.19625453e-01 -7.68451180e-02  1.12258416e-01
   4.55635925e-02 -9.27009927e-02 -2.25994330e-01 -8.42633876e-04
   4.57923136e-02  1.20374025e-01  9.01197077e-02  7.80415480e-02
   7.55641431e-02 -2.05756915e-01  1.15654723e-01  9.61407538e-02
   2.59786308e-02  1.23959909e-01  1.90359092e-01  2.53231074e-01
  -1.61175242e-01 -6.74584034e-02  9.76515775e-02 -2.16448679e-02
   2.24138826e-02 -1.02586526e-01  9.13712281e-03 -7.08258034e-02
   9.67533194e-02  1.68541978e-01 -6.16755565e-02 -1.55145644e-01
   1.91268039e-01 -1.89099809e-02  6.06859325e-02 -1.33399875e-02
   1.77360546e-01 -1.92572151e-01  1.08366511e-01  8.11353356e-02
   1.05117537e-01 -1.06272451e-02 -1.72659566e-01  2.94043469e-02
   6.85820598e-02 -2.18997436e-02  2.11382376e-02 -4.68824883e-02
   3.14645328e-01 -3.10662185e-02  3.75161175e-01  8.82858417e-02
   1.74696807e-01  6.25721119e-02  1.21976841e-01 -2.08601379e-01
  -2.27571251e-01 -1.40824517e-01 -3.50531703e-02  2.00108578e-01
  -2.69183051e-01  3.04553420e-01  1.97619927e-01 -1.54289401e-03
  -2.09596913e-01  2.63379656e-02 -3.22631784e-02  5.16441970e-02
  -1.09294833e-01  1.51241532e-01 -1.85826230e-01 -7.49867255e-02
   8.28895149e-02 -6.55222060e-02  6.18313204e-02 -2.62905028e-02
  -1.49026008e-02  4.02489050e-02  8.32108796e-02 -6.50528381e-03
   8.47030228e-02  3.13042861e-01  1.57194055e-01  4.53578670e-02
   4.37684528e-02  2.66344625e-01  1.43808773e-01  9.13169019e-02
  -8.49180220e-02 -1.34665680e-01 -1.66831486e-01  7.35170937e-02
   1.14336489e-01  2.60313871e-01 -1.33391968e-02  1.18152373e-01
  -1.16542428e-03 -4.96322730e-02  1.04168736e-01  2.39360748e-01
  -2.92510030e-02  2.27636256e-02  2.27097589e-02  1.96388098e-01]
 [-4.21702201e-02 -7.24871009e-02  3.30014662e-02  3.85133068e-02
   1.00728907e-01 -1.67771179e-01 -1.54138482e-02  3.31090635e-02
   6.77199513e-02  1.05330713e-01 -1.41683894e-01  2.42478199e-01
  -2.18344655e-01  3.13480798e-01 -8.48947125e-02  2.34115344e-02
   1.59498163e-01  3.87880252e-02 -1.23073279e-01  9.33508711e-02
  -9.54016176e-02 -6.21264606e-03 -9.67898785e-02 -1.06539625e-01
   2.69708735e-03  1.81585800e-01 -2.53396346e-02  5.85278529e-02
  -2.09755444e-02  3.02356825e-02  1.85511241e-01  4.75223012e-02
  -2.11501953e-01  1.51913532e-01 -1.55133972e-01  1.07185150e-02
  -3.37671323e-02 -2.32963930e-01  1.07466909e-01  1.34333333e-01
  -1.60046790e-01 -5.84252303e-02  7.89600580e-02 -1.26207409e-01
  -2.14140217e-01  1.61043465e-01 -6.28982657e-02 -3.34863271e-01
   3.03600715e-02  3.82184606e-02 -1.56633680e-01  2.99959854e-01
   1.74261655e-01  3.32866055e-02 -1.43296852e-01  6.79100801e-02
   9.77364002e-02 -1.40731217e-01  1.41554762e-01 -9.76139290e-02
  -1.00901418e-01  6.92652941e-02 -1.77447205e-01  2.38048202e-01
   8.64573970e-02 -1.54097890e-02 -3.85606204e-02 -1.85608388e-01
   1.08941577e-01 -3.25361435e-02 -6.50640969e-02 -1.51445286e-01
  -2.26975603e-01  8.79838765e-02  1.64724429e-01  7.74753701e-02
   2.29263900e-02  2.79612023e-02 -5.64787864e-02 -6.38591794e-02
  -2.49119093e-01  2.12424759e-01 -1.96455637e-01 -1.63718901e-01
  -1.71716726e-01 -1.38246733e-01 -2.64769100e-01  4.29220654e-02
   3.55795138e-01  2.00040214e-02 -1.01349287e-02 -8.06053768e-02
   1.23726345e-02  5.87320423e-02 -9.34376897e-02  1.00487046e-01
   3.78253033e-02 -1.57920373e-01  2.27365710e-01  1.89630340e-01
  -2.08786274e-02 -2.46174558e-01 -2.51442164e-02  4.52867499e-02
   5.38917784e-02 -1.00508366e-01  1.01161787e-02 -1.43221980e-01
   3.31724289e-02  1.27902301e-02  1.24044881e-01  8.94908305e-02
  -5.49490675e-02 -9.12562915e-02 -1.10998378e-01 -1.59803722e-01
  -1.00599991e-01  1.22136950e-02  3.28526496e-02 -9.34185654e-02
  -3.96148462e-02 -1.20717773e-01  3.97514957e-02  8.23020412e-02
   1.80854545e-01 -2.12830447e-01 -1.69425407e-01  9.76193558e-02]
 [-3.08835977e-02  4.14550806e-02  5.06228329e-02  3.56588652e-01
  -5.90164082e-04  2.72222819e-01  7.49470465e-02 -5.40206500e-02
  -7.18600806e-02  2.10112586e-01  8.65791908e-02 -6.88098625e-02
   1.55730417e-01 -2.68617080e-01  5.08686188e-01 -3.31754616e-02
   4.23531592e-02 -1.03185201e-01 -9.97826927e-02  9.67517865e-02
   2.44203855e-01 -1.91747640e-02 -1.33319953e-01  3.19840027e-02
   1.91726233e-01 -5.12699349e-03 -2.19482557e-01  8.01892248e-02
   5.18458892e-03  1.36157326e-01  1.14375686e-01 -4.67432933e-02
   1.05040858e-01 -8.14090158e-02 -1.61592753e-01 -3.60230478e-02
  -1.46518783e-01 -1.50392544e-02 -1.56637160e-01  2.67717429e-01
  -8.99435294e-02  1.16519840e-01 -5.53589631e-02 -1.43825328e-01
   2.18711987e-02 -8.40246714e-02  3.27912059e-02  1.08584714e-01
   2.13978174e-01  7.04075043e-02 -1.22343431e-01 -7.77071591e-02
  -8.79501380e-02  6.18453034e-02  1.31521201e-01 -2.69138871e-01
   2.84475146e-01  6.07042579e-02 -9.92339629e-02 -1.82287490e-01
  -8.11572867e-02  3.36390091e-02  3.66333864e-02 -2.79969144e-01
   2.85912449e-01  2.00655407e-02  2.40308553e-01 -2.12699177e-01
  -6.06635628e-02 -1.74388900e-02 -1.84508059e-01 -1.64779171e-01
  -1.96389782e-01 -1.59943148e-01  2.55468161e-01  4.87912447e-02
   3.93439438e-02  1.38386839e-01  9.44512854e-02  9.99672196e-02
   1.01149336e-01  2.02455480e-02  1.75194348e-01 -1.20138511e-01
   3.72043224e-01  1.07454182e-01 -1.58875545e-01 -9.51178987e-02
  -1.81108146e-01  1.64089620e-01 -3.14617499e-01 -3.11026327e-01
   2.23000796e-01 -8.00720929e-02 -8.36396288e-02  3.67910758e-02
   1.31583247e-01  2.43746690e-01  1.78978854e-01  5.90782327e-02
  -6.61045569e-02  4.99529632e-02 -8.03987838e-02 -2.13260352e-01
   2.37856213e-01 -2.64742484e-01  3.08149302e-01  1.31715348e-01
   9.19029390e-03 -6.60795349e-02  1.25890313e-01  1.37079890e-02
   2.36456652e-01 -2.49030482e-01  1.48048744e-01  1.46573300e-01
  -1.04451118e-01 -4.14585892e-01 -2.99621275e-01 -2.95094381e-01
  -7.37295378e-02  3.69712851e-01 -2.59386737e-03  2.16516568e-01
   3.50037364e-04  8.14969087e-02 -1.93827967e-02 -1.45931794e-01]
 [ 2.33630322e-03  1.18046112e-01  3.80701332e-03 -5.01727337e-02
   7.63301222e-02 -1.44449554e-01 -3.91038536e-02  1.16389490e-01
   1.77092370e-01 -2.31007882e-01  4.01571492e-02 -1.80680244e-01
  -6.92214087e-02  1.60693510e-01 -1.54904809e-01  1.23538258e-01
  -1.56932833e-02 -4.31999231e-02  2.29348801e-02 -1.74066903e-01
   2.78719223e-01 -1.07206499e-01 -8.74551362e-02  6.95905448e-04
   3.12359859e-01 -2.70870421e-01 -3.09529986e-02  2.42815344e-01
  -1.67094456e-01  9.02057641e-02 -2.72676357e-01 -1.22657856e-01
   3.29901201e-01  5.27414994e-02 -1.04152644e-01 -1.53028916e-02
  -7.58067631e-02 -1.92361240e-02 -9.11029343e-02  2.97515920e-02
  -1.69487466e-02 -1.02480614e-02 -1.42036765e-01  9.42290018e-02
   4.59449985e-02  1.73980628e-02  4.47240801e-03  1.64928232e-01
  -2.46145336e-01  2.69249211e-02 -1.42148671e-02  8.20517737e-02
   2.81259640e-01  1.12525156e-01  1.60250259e-02  1.58525915e-01
   1.63745039e-01  3.59144750e-02  4.38061751e-02 -2.30518986e-02
  -8.50947128e-03  1.02107895e-01 -4.90360099e-02  1.34352392e-01
   2.12692760e-02 -1.16508906e-01 -1.44190104e-01  1.10452940e-01
   1.57895595e-01  3.32782976e-01  1.42314256e-01 -9.56600038e-02
   1.18543689e-01 -9.07471605e-02 -1.01660509e-02 -2.91929152e-02
   2.37105989e-01 -3.27834877e-01  2.90125522e-02  3.56071788e-02
   1.86064360e-01  1.60826002e-01 -1.03546610e-01  2.30914872e-01
   6.83867298e-02  1.38419883e-01 -1.88432578e-01 -1.90066391e-01
   1.47253309e-01 -1.28248740e-01  1.86732341e-02 -6.12079895e-02
  -1.88039989e-01  1.63002313e-01 -2.94644272e-03  1.40538011e-01
  -1.76684722e-01 -1.65901052e-01  2.25803374e-01 -1.07642922e-01
  -2.35271516e-01 -8.29076311e-02 -5.37232020e-03 -6.86051373e-02
  -3.73829480e-02 -9.71131092e-02 -4.80138519e-02  4.92039710e-02
   1.32674795e-01  4.25021542e-02  1.01811319e-01  1.35221191e-01
   2.44897438e-02 -1.30472549e-01 -9.58575557e-02  8.16657247e-02
   5.03131462e-02  1.83894497e-01  1.44683347e-01  1.40223813e-01
  -2.20272054e-01  2.40935624e-02 -1.54581223e-01  1.99311673e-01
  -7.62851788e-02  9.82189663e-02 -2.10465788e-02  1.37929091e-01]
 [-9.66533245e-02  1.43613648e-01 -2.74816060e-01 -9.56542986e-02
   1.23022001e-02  1.12430815e-01 -3.08559616e-01  1.63472973e-01
  -1.40843026e-01 -2.70959069e-01  2.75008497e-02  3.91077304e-02
   4.15170418e-02  1.26448905e-01  1.00186245e-01 -1.58608373e-01
   7.77845172e-02  9.07592044e-02 -1.45370674e-01 -1.88866007e-01
   1.60995499e-03  7.05013468e-02  1.61412096e-01 -1.46471502e-03
  -1.47086512e-01 -1.64616157e-02 -7.24514091e-02 -1.17541003e-01
   1.11951820e-02 -8.72513211e-02 -1.21669372e-02 -1.35339945e-01
  -3.06716189e-01  1.19083488e-01  3.99458662e-02  5.06742406e-02
   1.74427885e-01  1.79321011e-02 -2.33617878e-01 -1.11934447e-01
   5.65008820e-02  1.05662119e-01 -5.18652882e-02 -9.41052469e-02
  -1.67952190e-01 -2.46300984e-01  1.07915952e-01 -2.29325963e-04
   1.82162852e-01  4.60840845e-04 -1.83462080e-01  7.80869818e-02
   9.06413526e-02  1.47235827e-02 -2.93189510e-02  6.11924622e-02
   8.81394230e-02  1.92419435e-01  1.15947740e-01  1.41688058e-01
   2.49452381e-01  2.96841083e-01  1.74615207e-01  8.60250725e-02
  -6.23888161e-03 -4.73686650e-02  1.29381368e-01  6.90059088e-02
   2.43382175e-01 -1.31360926e-01 -2.57771731e-03 -1.34579100e-02
   1.08562278e-01  1.22458615e-01  5.78671184e-02  1.89554047e-01
  -2.92294147e-02  1.77626829e-01  7.07386224e-02 -1.66161299e-01
   2.93807021e-01 -3.53390764e-02  1.89530951e-01 -2.15249515e-01
   1.51083502e-01  2.24528876e-01  6.41047219e-03 -1.52417749e-02
   3.01844506e-01 -7.08938856e-02 -1.63638665e-02 -2.53361223e-03
  -2.66042010e-02 -9.38050075e-02  8.15252616e-02  1.03611978e-01
   5.49571449e-02  2.86726178e-02 -4.60227592e-02 -1.63225897e-01
   1.16288310e-02  1.81352654e-01  1.14902133e-01 -7.21160995e-02
   1.31897516e-01  7.70241088e-02  1.63304016e-01  1.17842802e-02
   1.27414083e-01 -1.25553666e-01 -8.11214639e-02  4.69340625e-03
   1.72923910e-01  1.09332995e-01 -1.86710298e-01  3.92549261e-01
  -1.59801810e-01 -8.54012256e-02 -7.95304130e-02 -9.02548003e-02
   2.63875779e-01  4.05740828e-02 -2.46636822e-01 -2.31812305e-03
   1.67098526e-02  6.04984731e-02  1.32910679e-02  1.61482900e-01]
 [-1.21737823e-01  5.30535275e-02  2.94427198e-01  5.43013592e-02
   3.59691023e-03  1.65837020e-01 -6.73289958e-02  1.43846900e-01
   8.85960675e-02  1.10768584e-01  8.50977399e-03 -7.97452904e-02
  -1.85558806e-01 -5.87903563e-02 -1.32437402e-01 -8.47733160e-02
  -3.01574103e-01 -3.69164464e-02  1.32051951e-01 -4.25465385e-02
  -5.88392447e-02 -4.28959987e-02 -8.84628619e-03  2.00506982e-01
   1.84354489e-01 -6.89665668e-03 -9.77161488e-02 -2.51156971e-02
   1.16662050e-02  1.13339514e-01 -3.32872974e-02 -6.14146375e-02
   1.45691490e-01  9.53322056e-02 -9.40166713e-02 -1.66416500e-01
   1.94990163e-02  9.83228425e-02  1.09869419e-01 -9.60332539e-02
   7.11895070e-02  1.59983358e-01  2.40088471e-01  2.91421287e-01
   9.62292487e-02 -1.06755190e-01  1.28253606e-01  9.80569902e-03
   1.75391295e-01 -1.91058377e-02 -2.23778574e-01 -1.05994367e-01
   1.14965368e-01 -1.44975876e-01  2.56985846e-02 -4.41262190e-02
  -3.96366088e-02 -1.70307355e-02  9.14905134e-02  4.70179931e-02
   3.11618986e-03  3.29958321e-02  2.13245508e-01 -1.40267217e-02
   4.76914580e-02 -2.19073431e-02 -4.04161423e-01  1.56689457e-01
  -1.08216015e-01 -3.02115676e-01  9.40486908e-03  2.37780301e-01
  -2.59442494e-02 -1.24385215e-01 -2.33674991e-01  1.09935986e-01
   3.59089803e-01  1.34787812e-01  1.43665900e-01 -1.91929380e-01
  -4.06769709e-02  1.41533709e-01 -2.00459734e-01  2.71754894e-01
   3.27793105e-01 -3.11414681e-01 -4.57931560e-02 -1.94047323e-01
  -1.39246551e-01 -2.03916441e-01  4.33750180e-02  2.25276512e-01
   9.04848876e-02 -5.45163948e-02 -1.54789457e-02  1.91818149e-01
   2.11169905e-01 -1.48826250e-01  7.36904736e-02  9.49369065e-02
  -2.06556115e-03  1.33528955e-01  6.69213663e-03 -1.00829106e-01
  -2.46293209e-01  3.18437788e-02 -4.28725389e-02 -2.72724186e-01
   1.11869088e-01  2.49940718e-01  1.33081514e-01  1.26187657e-01
   9.46768362e-02 -1.13350035e-01  6.93020304e-02 -1.65099819e-01
   6.66523557e-02 -2.18645096e-01  1.80046977e-01 -9.40299991e-02
  -6.83555543e-02  1.83735444e-01 -1.43626118e-01  3.13103307e-03
   3.69086287e-01 -8.61679885e-02 -8.88284027e-02  2.77266304e-02]
 [ 1.40086907e-02 -1.49345105e-01 -1.76102109e-02  3.60907406e-01
   1.72500042e-01  1.09282653e-01 -7.06710548e-02  2.32405235e-01
  -1.96400822e-02 -6.20025820e-02  1.13829684e-02 -2.75385746e-03
   8.23939127e-02 -1.62156301e-01  9.68912753e-02  1.23159123e-02
  -9.76862863e-02 -6.43605649e-02  4.52055568e-02 -7.40585885e-02
  -1.07740496e-01  1.83495666e-01 -1.63483631e-01 -5.72856911e-02
   1.83441853e-01  2.04535401e-02 -1.22109585e-02 -1.03403509e-01
  -2.30592776e-01 -1.07034149e-01  5.12863264e-02 -7.19129500e-02
   1.28276475e-01  1.32755279e-01 -1.63057281e-01 -1.92366182e-01
  -1.55850146e-01  1.43771656e-01 -1.02245942e-02 -9.17307302e-03
   1.37215301e-01 -6.92942737e-02 -3.10934669e-02  4.75812509e-02
   1.00877523e-01  1.03488699e-01  1.63099421e-01  1.52975648e-01
   1.04684834e-01  5.39055453e-03 -1.08984224e-02  7.77032261e-02
  -1.12302761e-01 -3.41363067e-03  7.02015872e-02  1.02857354e-01
  -1.84325384e-01  1.32387913e-01  7.88405298e-02  1.74653533e-01
   8.09116680e-02  1.33517919e-01 -8.42970204e-02 -4.48836347e-02
   1.14826544e-01  1.32362523e-01 -2.66009603e-01 -6.46068376e-03
   1.83599890e-01 -5.93197699e-02  3.90490005e-03 -3.81269645e-02
   3.54018351e-02 -7.68172646e-02  2.34754795e-02  9.12423088e-02
  -1.89925141e-01  4.27279622e-03  7.38896894e-03 -1.52394012e-01
  -6.36064912e-02 -1.70923623e-01  3.80360477e-02  7.17728622e-02
   1.53131205e-02  1.11067406e-01 -1.02716256e-01  4.14567373e-02
  -1.95332487e-01  7.00610699e-02 -5.00329797e-03 -1.79292712e-02
   1.95832795e-02  8.95568774e-02 -1.61163129e-02  1.88544714e-01
  -8.02703039e-02  9.48558307e-02  6.69078427e-02 -3.42669679e-03
   1.88345930e-03 -1.52550323e-01  7.58547429e-02  1.45827616e-01
  -6.56757503e-02  5.53723616e-02 -2.69035013e-01  7.17131643e-02
   1.90218899e-01 -1.18105664e-01  1.01554274e-01  2.34075126e-01
   3.41422775e-01  2.52163416e-01 -4.24286248e-02  1.48813318e-01
   2.56427297e-01 -6.77742730e-02 -9.12105700e-03 -1.35271539e-01
  -7.25454880e-02  1.04118754e-02  2.80344349e-01  1.28235512e-01
  -3.14515731e-01  2.93422709e-01  9.40785974e-02 -1.20167467e-01]
 [ 1.87423988e-02 -2.63466620e-01  1.76980833e-01 -9.86622079e-02
  -1.47198349e-01 -2.08882748e-01 -1.54256110e-01 -2.35324805e-03
  -4.60303552e-02  1.46422320e-01 -1.79697136e-01 -2.43903513e-01
   2.36069765e-01 -1.07139925e-02 -6.08797881e-02 -2.54030578e-01
  -2.94200210e-02  2.48710984e-01  5.53845649e-02 -2.28056372e-01
   1.05638293e-01  2.67612536e-03  2.68870968e-02 -5.59976514e-02
  -1.29615450e-01  5.42262651e-02 -2.39950612e-01 -1.40493200e-01
  -1.69439851e-01 -1.18888817e-01 -1.77815000e-01 -9.19635871e-02
   1.12798279e-01  2.84709767e-01 -3.45398611e-01  1.70479361e-01
  -1.28549298e-01 -1.09407567e-01 -1.00881905e-01 -2.24475730e-01
  -7.97413161e-02  1.31470598e-01 -3.51049760e-02  1.35717448e-01
   3.08957418e-03  1.28050182e-01 -4.64281848e-02  3.06919310e-01
  -8.15537286e-02 -1.48156104e-02  6.18806119e-02  7.58518025e-02
  -3.04982471e-02 -2.15126244e-01 -2.53672885e-02  3.33661721e-01
  -7.35578346e-02  3.02037399e-02 -2.19221745e-01  1.62299501e-01
   1.98966721e-01 -2.89687305e-02 -3.47682833e-01  7.55638577e-02
  -6.10252667e-02  2.64055204e-03 -1.94222205e-01  2.95616991e-01
   1.33653304e-01 -3.76642836e-02 -2.26742649e-01 -3.01031753e-02
  -1.94542938e-02 -2.21178627e-01 -2.88271493e-01 -7.15063594e-02
   8.88359968e-02 -6.47561835e-02  2.74038549e-01 -1.36775382e-01
  -3.89734635e-02  5.89644769e-02  8.39157312e-02 -9.66939884e-02
  -6.56892273e-02 -1.24808211e-01 -4.80456888e-03  9.84881575e-02
  -2.81913481e-02 -1.31241585e-01  2.02192852e-01 -6.07114413e-02
  -1.75571196e-02 -2.20742799e-01  1.05764979e-01  1.16088168e-01
  -8.05178017e-02 -6.91873763e-02  1.23717636e-01 -7.88643883e-04
   8.80022419e-02 -8.22823735e-02  6.04864705e-02  3.33760002e-03
   8.23601369e-02 -7.52915779e-02 -5.37265153e-02  1.14016661e-01
   8.98314370e-02 -8.74187841e-02  2.80057772e-02 -2.08516928e-03
  -1.60945719e-01 -1.02624081e-02  2.24129744e-01  1.34024799e-01
   1.66933654e-01 -8.12710660e-02 -1.44051058e-01  1.89789962e-01
  -2.18839923e-01  1.64453733e-01  2.96755382e-01 -8.82192870e-02
   2.71694378e-02  9.28995454e-02 -3.67038147e-02  4.77992472e-02]
 [ 1.14015752e-01 -1.17316194e-01  5.67267950e-02  1.12413556e-01
   9.85213755e-03  6.54812396e-02 -1.61895596e-01  1.51866127e-01
  -2.86570407e-01 -2.37895257e-01  3.94649257e-02 -9.95281158e-02
   3.98860659e-02 -2.38319015e-01  2.05653770e-02  2.28072446e-02
   2.33199436e-02  1.35235415e-02 -1.35499951e-01 -3.72858910e-02
   1.56032559e-01 -3.14218379e-02  3.26941176e-02 -1.07351653e-01
  -3.32777583e-02  3.64032918e-02  3.32200302e-01 -2.17236917e-01
   1.15255446e-01 -2.98418959e-02  2.05774297e-02 -1.50025373e-01
   1.11137918e-01 -1.14252008e-01 -1.20201460e-01 -1.42567560e-01
   2.61564828e-02 -4.16614965e-02  1.32757242e-01  4.05009618e-02
   1.89682729e-01  8.05955523e-02  8.89296864e-02  3.03884405e-01
   1.18571177e-02 -5.11017007e-02 -3.04305134e-03 -1.43640199e-01
  -1.66784406e-01  3.67363665e-02 -6.01609046e-02  1.20732940e-03
  -1.39555167e-01 -3.04844905e-01  1.36077150e-01  8.63545445e-02
  -5.09542287e-02 -9.69478390e-02 -2.95724165e-02  6.21244084e-02
  -5.20229493e-02  1.26067851e-01 -1.66912244e-01 -6.04956119e-02
   1.04308473e-01  1.85641308e-01  1.10976256e-01 -2.25173229e-01
   4.21347739e-02 -1.79683974e-02 -1.82589617e-01  2.72131463e-03
  -9.83039616e-02  2.87692281e-01 -5.12065174e-02 -1.57755542e-01
  -3.75499644e-02  2.19282858e-01  7.02164886e-02 -1.40957193e-01
  -1.13632078e-01  1.61849600e-01  5.48886361e-02 -7.97389710e-02
  -7.95492330e-02 -8.54932204e-02  1.71728097e-01  2.44718198e-02
   1.87030629e-01  1.58207667e-01 -1.37643654e-01 -6.19387141e-03
   2.94730775e-02 -4.04806192e-02  1.77739965e-01 -1.31611980e-01
   1.18808996e-01  2.74744066e-01  1.74437485e-01  1.03935560e-01
  -5.96293631e-02 -1.16723061e-01 -2.59026953e-01 -2.18033701e-02
  -1.03005626e-01  9.90307782e-03 -2.06870906e-02 -7.90691479e-02
   1.18555465e-01  1.25986655e-01  7.01250628e-02 -1.72199369e-01
   3.55454464e-02  4.19821628e-02  8.25239724e-02 -8.55283992e-02
  -3.93194317e-02 -1.61092266e-01 -1.53844282e-01  1.43644597e-02
  -7.45967474e-02  1.70331216e-02 -9.63734855e-02 -7.19985946e-03
  -2.75953388e-02 -3.44096463e-02  1.29263133e-02  4.32927196e-02]
 [-5.92457485e-02 -7.05043597e-02  1.86870548e-01 -1.78980279e-01
  -1.29076498e-01 -1.11842351e-01 -6.23039932e-02 -1.59207963e-01
   3.74258198e-02  3.06237203e-01 -3.80938915e-02 -9.63102577e-02
  -5.12711832e-02  3.39236129e-01 -2.90398679e-01 -2.12132811e-01
  -1.25377329e-01  9.68417183e-02  1.64681692e-01  1.50151226e-01
  -2.35035182e-01  5.97851714e-02  2.35774535e-02  2.39487723e-01
  -2.49680604e-01  1.24738270e-01 -2.05892612e-01 -6.88184029e-02
  -4.58655209e-02  1.36504144e-01 -2.66924280e-02 -1.90163631e-01
  -1.11468849e-01  1.28787259e-01  8.92575167e-02 -3.42150386e-02
   1.47913777e-01  1.16054176e-01 -2.35922114e-01 -3.36427714e-01
  -1.69232529e-02  4.36597959e-02 -2.35021188e-02  2.16300823e-01
   1.00459544e-01  5.41267537e-02  2.05144515e-01  6.94961510e-02
   2.91390413e-01 -3.66156084e-03 -4.81547414e-02 -4.87945381e-02
   1.23738014e-01 -4.07521366e-01 -3.67477591e-02  1.32253501e-01
   2.20373225e-01  3.65383626e-01  1.52338573e-01 -3.75170888e-02
  -2.95411497e-02  2.29207337e-01 -1.06582086e-01  9.12008212e-02
   2.35174412e-01 -8.32140244e-02 -1.17387954e-01 -2.55237611e-01
  -6.10046727e-02  1.78790306e-02 -2.26201568e-01  1.36794936e-01
  -1.05927395e-01 -1.25335182e-01 -7.78897099e-02  2.85398196e-02
   1.13400385e-01  3.28727092e-02  3.90563363e-01 -7.72142697e-02
   4.07747578e-02 -1.87830116e-01  1.30115575e-01  5.10393649e-03
  -2.91524704e-01  2.14374882e-01  2.24013162e-01 -1.35150414e-02
  -1.93282323e-01 -7.18040475e-02  4.48031753e-02  7.91759027e-02
   7.55969587e-02 -2.49015890e-01 -1.97132517e-02 -2.12814745e-01
  -1.87956697e-01 -8.23578320e-02  2.26367134e-02  4.71272239e-02
   4.74238305e-02 -2.77653019e-01  9.52117222e-03  1.26617800e-01
  -1.17491147e-01  1.82240144e-01  2.57932542e-01  1.60184812e-01
   2.47506888e-02  7.13312314e-02  1.92265963e-02 -2.88756924e-01
   7.01609611e-02  1.61790329e-01 -1.44868427e-01  1.11075558e-01
   6.73609419e-02 -3.44727798e-01 -2.14944084e-01  2.53272211e-01
   1.22065597e-01  6.45574584e-03  2.09402918e-02  1.13915198e-01
   4.92313021e-02  6.44038020e-02 -1.61880244e-01 -4.55804666e-02]
 [ 3.04882383e-02 -6.46532697e-02 -8.55480548e-02 -2.07959468e-01
  -2.58129659e-01 -2.36123766e-01 -2.35817907e-01  2.68029836e-01
   1.17834572e-01  2.47342873e-01 -3.87823491e-02  1.21690164e-01
  -1.76443518e-01  2.20751168e-01  1.20070883e-03 -1.69852065e-01
   1.27064606e-01 -7.87880551e-03 -2.16534690e-01 -5.81786293e-03
   4.22765291e-02  1.82328408e-02  8.42932799e-02 -8.48550758e-02
  -2.62215715e-01  4.21613851e-03 -3.46813916e-02  1.13331156e-02
  -1.19477712e-01  1.44249386e-01  4.29317919e-03  2.25611709e-01
  -2.69675989e-01 -2.06203603e-02 -8.06389468e-02 -3.24756339e-02
  -1.70056096e-01 -3.93991494e-03 -2.83615333e-01  8.53249947e-02
   2.25310627e-02 -2.16968109e-01  1.28910734e-01 -1.52833137e-01
   1.74678287e-02 -2.75862363e-01  8.79243418e-03 -4.96631856e-02
  -6.15938157e-02  1.92544433e-02 -9.40594316e-02 -2.26943332e-01
   1.90271133e-01 -8.72530360e-02  1.13412486e-01  5.05761871e-02
  -1.70176467e-01  1.19191231e-01 -1.20841372e-01 -9.59767198e-02
   1.52619950e-01  3.14479381e-02  2.44818816e-01  1.21151659e-01
  -9.25675737e-02  2.87349481e-01 -1.09226449e-01  1.24591570e-01
   1.92970004e-01  2.29316240e-01  1.55110396e-02 -2.04721132e-01
   2.24400683e-01  2.94909041e-02  1.02654071e-01  1.02303370e-02
  -1.40527184e-01  3.52992203e-01  4.19895328e-02  3.28518418e-02
   1.94226510e-01 -2.09803212e-01 -2.55562200e-01  2.98449788e-01
  -5.72343787e-02  1.45925038e-01 -8.44027453e-02  1.01511070e-01
   1.43962149e-01  1.13670912e-01  2.19960019e-01  9.38715715e-02
  -1.33414990e-01 -3.03705815e-01  3.35911529e-01 -2.50562508e-02
  -7.24671875e-02  8.27466336e-03  4.45251061e-02 -2.69192801e-01
   1.94566011e-01 -1.75418663e-01 -1.29889059e-02  2.64688414e-02
  -1.08026698e-01  5.11260255e-03  1.55084013e-01 -2.86323977e-01
  -1.55486710e-01 -1.01592809e-01 -6.94730845e-02 -5.19277117e-02
   7.30960506e-03  1.13228759e-01 -6.52836357e-02 -7.53565993e-02
  -1.21959548e-01 -6.35515265e-02 -2.97942488e-01  4.55190287e-02
  -7.58743646e-02 -1.81213424e-01 -8.38605154e-02 -2.11206795e-01
   1.55542045e-01  8.59411250e-02  1.75169034e-01  7.14123162e-02]
 [ 8.85371998e-02  4.62700221e-02 -3.93740119e-02 -2.90454247e-01
   1.73640681e-01  3.88151318e-02 -1.24332983e-01  1.88105335e-01
  -4.40727149e-02 -5.53889207e-02 -1.90302101e-01  2.16556031e-01
   1.46966283e-01  4.63931926e-02 -1.20581564e-01  2.30103221e-02
   2.36387708e-01 -1.19796070e-02  1.01985306e-01  2.56516030e-01
  -7.25812613e-02  2.91219567e-02  2.15236300e-01 -3.60703966e-01
  -3.17913714e-01 -9.56865270e-02 -1.87866118e-01 -5.17942777e-02
   1.49906226e-01  2.00819347e-01  4.72098130e-02  7.50094700e-03
   1.44199743e-01 -4.85785456e-02  2.26258902e-01  9.14080741e-02
  -1.33794090e-01  1.51276527e-01 -2.20802410e-01 -3.00263792e-01
   2.68107065e-01 -2.95201393e-01 -1.30141331e-01 -8.19209264e-02
  -1.89967955e-01  8.30079618e-02  3.54841788e-02  3.89671070e-02
   1.45355014e-02 -1.35187970e-01  1.48580338e-01  4.29758655e-02
  -1.96649631e-01  3.33662185e-01  2.71341880e-01  2.21795547e-01
  -6.34933201e-02 -1.12516021e-01 -5.23225131e-02  6.64306308e-02
   2.31779258e-04  1.72865492e-01  9.10125564e-02  5.46936456e-02
  -1.75304217e-01 -2.64865014e-01  1.88926283e-01  8.64696692e-02
  -1.65708245e-01 -1.65452782e-01  4.79184077e-03 -1.83492949e-01
  -1.71142468e-01 -1.16847028e-01  2.27747236e-02 -4.25465239e-01
   7.90352514e-02 -7.01153681e-02 -4.89271908e-02  1.45411996e-01
  -3.98614503e-02 -4.38070333e-02  3.50593560e-01  2.30158952e-01
  -1.62787820e-01 -2.19812888e-01 -9.15602065e-02  6.11512872e-02
   6.13918883e-02  2.32006290e-01  2.22531772e-01 -3.05999806e-02
  -1.20126284e-01 -1.91002459e-01  1.58660360e-01  1.60101709e-01
   1.20650978e-01  1.32896501e-01  1.23965050e-01  2.29806619e-01
   1.65251213e-01  7.20744506e-02 -7.63197433e-02  1.07146945e-01
   9.80545913e-02  4.24898316e-02  1.11488717e-01  1.37308497e-01
  -1.59725695e-01  1.44068294e-01  3.08993126e-02 -2.28360886e-02
   1.95734089e-01  5.01258090e-02  3.38376983e-02 -2.96662682e-01
  -5.83987627e-02 -5.75717581e-02  1.15383503e-01  1.03845607e-01
  -2.96692715e-01 -4.01136489e-02  6.01996963e-02 -2.56616730e-01
   2.88005473e-01 -1.60933496e-01 -1.03972349e-01 -2.13215308e-01]
 [-1.65827692e-01  3.66175576e-02  1.61646648e-01  2.62001505e-01
  -1.66717525e-01  7.16355049e-03 -4.31897871e-02 -1.27781180e-03
   2.18229655e-01  1.40981545e-01 -1.44618018e-01  3.91853328e-03
  -2.17324481e-01 -1.61578910e-01  5.92819645e-04  1.65489488e-02
  -1.17514790e-01  2.50361483e-02  1.43539058e-01  2.48207146e-01
  -3.36119131e-02  4.77312582e-02  3.81705920e-02 -5.29618569e-02
   1.96405858e-01  1.76874989e-01  1.94655947e-01 -1.22179490e-01
  -7.39909731e-02  2.15651175e-01  1.66002366e-01  9.26301273e-02
   1.35892073e-02  2.33437267e-01  2.47810249e-01  1.57837408e-01
  -2.95364287e-01 -6.42431617e-02  1.90320408e-01 -1.85883046e-01
   6.02548876e-02  6.40026532e-02 -1.31974600e-02  1.64502595e-01
   3.06636194e-01  2.35941721e-02 -2.24949454e-01 -8.69741752e-02
  -3.00146556e-03 -7.07214685e-02 -3.17427311e-01 -7.52057772e-02
   1.67421723e-01 -3.52331419e-01 -1.38102405e-01  2.45518161e-01
  -7.65157851e-02  2.82850539e-01  2.13627436e-01 -1.03002476e-01
   2.14077866e-02 -1.64842937e-03  3.46230912e-01 -5.95169969e-02
   3.22151629e-01 -7.92889020e-02 -6.62762164e-02  9.99508427e-02
   6.65559518e-02  7.21093075e-02  3.99279756e-01 -3.00757872e-01
  -4.59529554e-02 -6.71911507e-03  2.14314740e-01 -1.56747128e-01
  -2.35846204e-01 -1.96832749e-01 -1.09760292e-01 -5.26824719e-02
  -5.34916715e-02  1.29852423e-01  2.48896285e-01 -1.71674885e-01
  -3.20691154e-01  2.94603399e-01  2.89765223e-01 -1.47931993e-01
  -1.05808120e-01  1.72988586e-01  1.05955248e-01 -4.81387744e-01
   1.55758632e-02  4.40845420e-02 -1.47514417e-02 -9.24678017e-02
   1.94098765e-02 -2.45618465e-01  4.52216191e-02 -2.48465868e-01
   2.56917692e-01  1.88438708e-01  1.71860140e-02  1.86212189e-02
  -1.78636739e-01  1.23962865e-01  9.86977143e-02 -7.74333165e-02
   2.21731250e-01 -3.77118043e-02  5.73702128e-02  2.60535358e-01
  -2.66218302e-02  1.69240795e-01 -3.78057177e-01 -3.64881255e-01
  -2.21533681e-01  7.28338444e-02 -1.34052205e-01  1.15351244e-02
  -4.43374984e-01  4.99922171e-03 -3.20057917e-01  3.30272538e-01
   2.82212670e-01 -4.53342250e-02  1.29405899e-01  1.25084495e-01]
 [ 2.32585693e-02  1.07231317e-01  3.17298540e-02 -2.25534431e-01
   9.19900556e-02 -2.10133766e-01  5.20935549e-02 -1.68887525e-01
  -1.93001118e-01  6.27181613e-02 -1.31589586e-01 -1.50430543e-02
   5.11535294e-01  9.38996584e-02 -1.23785832e-01 -2.00533474e-02
   4.54533222e-02  1.32697648e-01  7.14286954e-02 -2.40466946e-01
   8.40731162e-02  1.52582955e-01  2.10601696e-01 -1.28860554e-01
   2.17501700e-02 -7.80333591e-02  4.42325362e-02 -1.61698985e-01
  -1.52359487e-01  1.16742407e-01  8.94872645e-02 -2.40954993e-01
  -8.31299448e-02  1.33091323e-01  6.18584021e-02  1.31062356e-01
  -3.50612809e-02  5.06788811e-02  4.94861185e-02  1.06557894e-01
   1.11278426e-01  1.09512592e-02 -1.35668743e-01  4.73521564e-02
   1.62787463e-01 -2.79952101e-01 -5.43323728e-02 -6.20896413e-02
  -4.26017634e-02 -1.17146568e-01 -5.91788115e-02  2.52326195e-01
  -9.03954238e-03 -3.01852386e-01  5.64789801e-02 -2.08660936e-01
  -5.50398545e-02 -1.57111738e-01 -2.47391036e-02 -2.39862107e-02
   2.03972093e-01  3.39791921e-01 -2.21427380e-01 -1.67621817e-02
   7.90737606e-02 -5.52005848e-02 -1.54931324e-02  1.83503602e-01
   4.26628988e-02  2.80204551e-01 -5.68422276e-02  2.52963872e-02
  -1.56548954e-01 -8.33231409e-02 -1.66480805e-01  2.90643407e-02
  -3.74996258e-03  1.04438537e-01  6.18416240e-02 -2.27815631e-01
  -9.93615433e-02  1.06057349e-01  1.41006109e-01  5.72596156e-02
   1.88855505e-01 -1.06647285e-01 -1.49121107e-01  1.02751302e-02
  -1.15730733e-02 -1.25952527e-01  4.43306168e-02  9.00374085e-02
   1.51560145e-01  4.85329659e-02  1.38630087e-01 -2.30236624e-01
   1.83273082e-01 -1.43006103e-01 -2.14222205e-02  3.47013692e-01
   8.83209232e-02  8.54374042e-03 -1.30463697e-01 -1.40139931e-02
  -9.36489857e-03  2.34998597e-02  1.20434464e-01  1.52846968e-01
  -1.29099906e-02  1.26188496e-01 -8.49137953e-02 -1.02801078e-01
  -5.10598612e-02  1.90578471e-01  8.51468068e-02  7.71905713e-02
   1.78846024e-01  2.28646737e-01  9.97287365e-02  4.39036479e-01
  -9.28979048e-02  4.13615109e-01  8.77506061e-02 -4.93692406e-02
  -1.12139877e-01  1.24999548e-02 -2.81350958e-02  4.90105031e-02]
 [ 1.24051599e-01 -6.75089346e-02 -1.90265599e-02 -1.77356626e-02
  -1.13888216e-01  2.83280846e-01  2.37968567e-02 -1.93235402e-02
  -1.85499078e-01  6.25133765e-02  1.22553767e-01 -1.04699940e-01
   7.40504089e-02 -2.11536944e-01  3.31335322e-01  4.83968694e-02
  -3.82730222e-01 -4.32728114e-02  1.27843012e-01  3.20556390e-01
  -2.32842524e-02 -1.93973172e-01 -9.88321512e-02  2.66482232e-01
   2.80833842e-02  1.95501653e-01 -1.70708375e-02 -5.55582240e-02
  -2.28477811e-02  1.38647400e-01 -2.09633228e-01 -7.34032226e-02
  -1.21334200e-01 -7.85892247e-02  4.91457041e-01 -1.19718140e-01
  -1.05573358e-01 -2.38261617e-02 -1.98976932e-01 -1.36774777e-01
   2.16042562e-01  1.19515700e-01 -1.25246307e-01  2.42268791e-01
   3.49220581e-01  1.94228207e-01 -2.28536639e-02 -1.31543283e-02
   1.44771966e-02  1.02538733e-02  1.09494054e-01  2.67089846e-01
   7.12582289e-02 -1.00718437e-01  9.65668239e-03  8.85247852e-02
   1.69579974e-01  2.41529143e-01  2.32892345e-01  2.47541265e-01
  -2.54830143e-01  4.31452961e-02  1.51211289e-01  1.75131018e-01
   1.46301699e-01  1.34716566e-01 -1.61115980e-01  1.05308411e-01
  -1.50234889e-02 -5.83706324e-02  8.40451040e-02  1.41774945e-01
   8.21806983e-03  2.24625878e-01  3.23240871e-01 -1.98667771e-01
  -3.41140766e-01 -1.37065343e-01 -2.57508951e-01 -1.22766880e-01
   2.27368191e-02  1.83876757e-01  7.86642090e-02 -1.73117693e-01
  -2.29060316e-01  7.41855166e-03  5.68927211e-02 -1.75727808e-01
  -2.42480843e-01  2.59743417e-01 -1.78937595e-01 -1.83853343e-01
  -1.44558593e-02  1.79757870e-01  1.38775728e-01  6.79341069e-02
  -1.24983388e-01 -1.04085928e-01 -2.86218245e-01  8.91332702e-02
   5.01872734e-03  1.72520679e-02  2.27433352e-01  1.40291099e-01
  -2.13458123e-02 -1.51926313e-01  2.05066851e-01  1.59472316e-01
   2.54459988e-01  6.02731190e-02  1.21675488e-01 -2.95380708e-01
  -4.19595120e-01  1.33562459e-01  2.00064166e-01 -1.18089903e-01
  -8.61407446e-02 -9.82241231e-02  9.42156739e-02 -2.05750231e-01
   4.63942151e-02 -9.95597550e-03 -2.08387045e-01 -7.33417871e-02
   2.18711933e-01 -1.43134896e-01  3.09966982e-02  1.48808191e-01]
 [ 4.57939970e-03  6.66428560e-03  1.12074084e-01 -1.37869248e-01
  -8.52661475e-02  1.36657520e-01  3.94100763e-02 -3.37100476e-01
  -8.07713779e-02 -2.38178725e-02 -3.99875212e-02 -8.11389686e-02
   7.81838581e-02  1.11527235e-01 -1.54347825e-01 -3.01339685e-03
   4.07401793e-02 -2.31549871e-01 -4.24557748e-02 -1.64923577e-02
   1.96580573e-02  4.47920936e-02 -3.85904333e-04 -4.67600097e-03
   5.35181698e-02  1.88540919e-01 -2.73101220e-01 -8.09791864e-03
  -1.32206831e-01 -2.62640151e-01 -4.45388420e-03  2.33238941e-02
  -2.42006050e-01 -1.61036716e-01 -7.31034239e-02  9.18774430e-02
   3.29021437e-02  8.39127954e-02 -1.54383395e-01  7.55957102e-02
   1.38002708e-01  8.70069446e-02  6.37604305e-02 -8.61470646e-02
  -1.06091455e-03  1.02075570e-01 -1.06827050e-01  6.34932920e-02
   5.26426325e-02 -2.00735826e-02  8.29132239e-02  1.02018931e-02
   3.86530322e-02 -8.67101464e-02  2.47448673e-02 -2.17094701e-02
  -1.72500784e-01 -1.81489119e-01 -7.55159698e-02 -1.14084517e-01
  -3.21617129e-02 -1.44720123e-02 -9.04045069e-02  1.92155005e-02
  -9.96394556e-02 -1.18600063e-01 -1.13543093e-01  2.42191223e-02
  -7.09843422e-02 -3.36635215e-02  1.11547933e-01  2.99797671e-01
  -1.51172717e-01  7.55817260e-02  4.37486168e-02  6.23316881e-02
   1.11051631e-02 -2.66759265e-02 -2.40386916e-02 -6.65640223e-02
   6.32181782e-03 -7.39730782e-02  2.19971252e-02  3.98725564e-02
  -9.38241645e-02 -1.15774506e-01  6.35251229e-02 -3.09220456e-02
  -1.97751951e-01  5.25899058e-02  1.91921425e-01 -5.79928544e-02
  -1.68695720e-01 -5.52423039e-02  3.77895777e-02 -1.94384351e-01
   4.66662066e-04  7.45287396e-02 -1.46569906e-01  1.20668459e-03
  -3.53810292e-02 -2.93152810e-01  4.91701027e-02 -8.47762134e-02
  -4.99512406e-02  8.11527258e-02 -1.88295973e-02  1.19703393e-01
  -2.38829185e-01 -8.10557792e-02 -1.20511113e-01  1.23500766e-02
  -1.15026818e-01  1.78771218e-02 -9.72687356e-02 -8.95053518e-02
   2.76116755e-01 -7.88287734e-02 -1.25416065e-04 -1.10349304e-01
   3.48548671e-01 -2.52678718e-02  9.91748279e-02  2.44335602e-02
   5.96113397e-02 -1.59532417e-02 -5.54874095e-02 -1.51977074e-01]
 [ 6.61696539e-02  1.48278478e-01 -5.96683009e-02 -2.08182330e-02
   6.10627212e-02 -9.86521253e-02  2.06288913e-03 -2.88233614e-02
  -1.40844132e-01  1.62061260e-01  9.99651342e-02  1.99768909e-01
  -1.90130281e-01  2.53096515e-01 -1.31656963e-01  6.20435720e-02
   2.62002832e-01  1.17731269e-01 -4.76043674e-03 -3.04162741e-01
   1.52983517e-01 -1.74090891e-01 -2.27084218e-02  1.57193899e-02
   8.59544034e-04 -2.92059517e-01  4.83465072e-02  1.58801596e-01
   2.79507458e-01 -1.74358963e-02 -2.09740369e-02  2.38843240e-01
  -2.72700525e-02 -5.96033245e-02  3.86888935e-03 -2.87793668e-02
  -1.63849160e-01 -6.06730826e-02  1.49831279e-01  2.40451058e-01
   1.50279375e-01 -2.22161180e-02 -9.54965990e-02  1.77372511e-01
  -8.15497591e-02  9.72343849e-02 -3.46392269e-01 -6.27916762e-03
  -3.46562817e-01 -2.88821317e-01  4.24079684e-02 -5.70815342e-02
   1.69011093e-01  6.62447693e-02 -9.71006064e-02  1.61986833e-01
   1.68241731e-01 -1.84616964e-01  3.89497904e-02 -6.85694560e-02
  -4.72715326e-02  2.39395858e-01 -5.18367508e-02  5.05420994e-02
  -1.52515230e-01  2.61092344e-01 -1.65206850e-01  9.69834892e-02
   5.33567126e-03  2.88736330e-01  2.00312516e-01 -1.39382031e-01
   7.76025285e-02 -9.82412684e-02 -1.34987936e-02 -1.27881374e-01
   6.09875282e-02 -5.91350674e-02  6.68621940e-03  7.21004450e-02
  -1.79808630e-02  1.44631812e-01 -8.48498187e-02  1.19776146e-01
  -3.98856663e-01  4.73496406e-02 -1.56041740e-01 -3.10033275e-03
   2.19006769e-01 -2.14914589e-02  1.24310496e-01  1.11404583e-01
  -1.15730688e-01 -1.76021231e-01 -6.89773803e-02 -1.64290558e-01
   8.36117468e-02  5.30371205e-02  1.14139283e-01 -6.84146527e-02
   5.62674461e-02 -2.97139168e-01  1.53015726e-01  1.31182304e-01
   1.19935201e-01  8.21372021e-02  6.81332885e-02  8.22602611e-02
  -6.16916574e-02 -5.95809495e-02  2.40993233e-02 -6.08268312e-02
  -1.03967664e-02  3.21539902e-02 -2.22505998e-01 -2.27911414e-01
   6.13935852e-02  4.59700435e-02 -1.85279816e-01  1.65648073e-01
  -7.75153467e-02  4.70465811e-02  1.39067435e-02 -3.38544730e-02
  -1.03313925e-01 -7.70729228e-02 -2.10566863e-01  1.07300206e-01]
 [ 1.35551790e-01 -2.36469901e-01 -9.42621080e-02 -1.47001295e-01
  -4.07838233e-02 -1.34820654e-01 -1.57323444e-01 -1.17212804e-03
   1.99973293e-02 -5.66976971e-02  1.23445640e-01  1.95254436e-01
  -2.42404112e-01  3.73592950e-02 -7.45817443e-02  8.98246360e-02
  -2.08496988e-01  5.02742578e-02 -3.98265658e-02  1.16394916e-01
  -1.86128202e-01 -3.09946657e-02  3.25317709e-02 -2.86947592e-02
   2.24022027e-02  9.25724678e-05 -1.41873942e-01  1.55858755e-01
  -3.18385487e-02  1.05889240e-02 -1.70806438e-03  9.27821541e-02
  -2.16110246e-02 -2.85614730e-02  3.66531113e-02  1.27607790e-01
  -4.23430681e-02  2.06198550e-01  5.74708934e-03  1.13007291e-01
   9.17123506e-02  1.16399172e-01  9.95439091e-02 -9.64303130e-02
  -2.12292412e-01 -6.04324317e-02 -7.98404120e-02 -1.06629980e-01
   1.02263939e-01 -8.22506392e-02 -1.30485845e-01  1.99504250e-01
   4.94135747e-02 -2.32102238e-02  1.01936737e-01 -1.00879663e-01
  -1.24356185e-01  4.07980082e-02  5.83344507e-02  3.35778827e-02
   9.78863582e-02  1.44442622e-01  1.37401133e-01  1.37217598e-01
  -2.05710680e-01  3.62200171e-02 -6.55577200e-02  2.40134776e-01
  -2.58704165e-02 -4.97333171e-02 -4.37993486e-02  3.34082845e-01
  -1.02965337e-01 -5.61554862e-02  6.53696108e-02  3.75308182e-02
   1.13454018e-01  1.46777988e-02 -3.93010056e-02 -1.48480377e-01
   3.51824008e-02  1.06948484e-01 -2.19782043e-01 -1.39722421e-01
  -4.72508685e-02  2.91344757e-01 -1.16215559e-01  4.53887175e-02
   9.27463199e-02  1.04845136e-01 -7.19404708e-02 -1.60386873e-01
  -1.50844872e-01  1.39439432e-01  2.48717097e-02 -2.33432670e-01
  -3.96726580e-02  4.88195820e-02  2.64415541e-01  1.76679640e-01
  -4.14786222e-02 -2.50074504e-02 -5.95396258e-02  5.40599508e-02
  -8.28354758e-02  1.16217784e-01 -2.21755731e-01 -1.26892684e-01
   1.59727515e-01  1.96667756e-02 -1.19187708e-01 -6.92887155e-02
   1.11791765e-01 -1.02814642e-01 -1.00743509e-01  2.87156185e-02
  -1.43059407e-01  4.18060905e-02 -5.37137805e-03  1.02306824e-01
   1.39118995e-02 -1.73539073e-01 -1.71508749e-01 -1.05286441e-02
   7.61169438e-02 -5.21242772e-02  2.95648720e-02  8.72821447e-02]
 [-7.86338348e-02  2.73734764e-01  2.12268762e-01 -3.09898124e-01
   2.62977208e-02  1.71280301e-01 -1.21674158e-01  3.39287430e-02
   8.98239582e-03  4.09929816e-01  5.68494942e-02 -1.69568931e-01
   2.68845868e-01 -1.51439201e-01 -2.45190729e-01 -1.17961311e-01
  -1.67877323e-01 -1.54998134e-01  7.70279947e-02  1.90474813e-01
  -2.00640344e-01 -8.26557138e-02  2.60284509e-01 -1.80945206e-01
  -3.96203555e-01 -6.82003671e-02 -1.24915800e-01  4.84589726e-02
   4.30307623e-02 -1.21610530e-02  8.49023839e-02 -1.35015844e-01
  -2.42477100e-01  4.20225003e-01 -3.18495285e-02 -8.16632709e-02
   1.65014064e-01 -2.11185094e-01 -1.29558410e-01 -3.22818999e-01
  -3.26551436e-02 -2.06179724e-01 -1.00774579e-01  1.44643440e-01
   2.84172340e-02 -1.22842682e-01  2.28580122e-01  8.95966228e-02
  -2.53966468e-02 -1.29747465e-01  1.24765649e-01  1.29946801e-01
  -3.01980725e-01 -8.86667156e-04  2.01412587e-01  2.21312022e-01
  -2.15024724e-01 -1.75783777e-01 -1.20663213e-01  9.69297068e-02
   1.41984368e-01  1.29815822e-01  1.24371405e-01  7.17867335e-02
   6.68727145e-02  1.29929377e-01  1.97692442e-01 -1.71781130e-01
   2.22682451e-02 -1.15962659e-01 -1.86587354e-01  2.59574735e-01
  -2.12245016e-01  1.76261498e-02 -1.73479368e-01  2.13650768e-01
   2.64001945e-01 -3.07853465e-01  5.26707900e-02  6.50919255e-02
  -2.28628044e-02 -8.56095220e-02 -4.60808206e-02 -6.93243985e-02
   9.80708518e-02 -1.76527967e-01  3.10674996e-01 -2.80582704e-01
  -1.48852624e-01  1.79482979e-01  6.97553598e-02  6.82936112e-02
   1.30189975e-01 -3.92743310e-02 -9.02724761e-02 -3.01887433e-01
   1.89712581e-01 -3.23690853e-01 -1.85569796e-01  3.46517150e-01
   4.73141329e-02  2.69625825e-01 -1.38844104e-02 -1.81315643e-01
  -1.30743570e-04  3.48937640e-01  1.05236111e-02 -7.52441953e-02
   1.26451263e-01  4.19661693e-01 -2.53794835e-02 -2.13243914e-01
   2.08919549e-01 -9.96086225e-02  1.71956722e-01 -3.39261960e-02
   9.62202578e-02 -6.51764688e-02 -2.19371256e-01  1.38523110e-01
  -1.13597579e-01 -1.14283541e-01  1.85092162e-01 -1.86200272e-01
  -6.83944804e-02 -1.81844552e-01 -9.79995451e-02  5.94827819e-02]
 [-3.19338696e-02  6.30086084e-02 -1.82185823e-01  5.22410190e-02
  -1.57429063e-01  4.28412902e-01 -4.37302882e-02 -3.04425537e-02
  -2.48970833e-01 -1.25739623e-03  1.80694602e-02 -1.50084709e-02
  -9.29211864e-02  1.07883412e-01  6.05174885e-02 -1.30014160e-01
   8.37302443e-02  3.34124966e-02  9.13189214e-02 -1.56510683e-01
  -1.35277979e-01 -1.15311091e-01  6.75074527e-02  1.46660349e-02
  -5.40478292e-02  7.22687440e-02  7.77759214e-02 -2.36808996e-02
   5.08793656e-02 -8.22493009e-02 -3.02146079e-02 -9.26751849e-03
  -1.02427931e-01 -3.30325715e-02 -1.56668920e-01  2.50010415e-02
   1.08039066e-01 -2.08175853e-02  1.96547156e-02 -5.52541729e-02
  -4.19220265e-03 -1.52731115e-01 -5.59251674e-02  1.37821189e-01
   9.84861724e-02  6.15618461e-02 -1.25438540e-01 -8.47003798e-03
  -1.97753700e-01  1.33837538e-01 -1.08924773e-01 -7.27481813e-03
  -1.59269449e-01 -1.92244742e-01  9.83670246e-02  9.07992050e-02
  -1.94969792e-01 -2.95386028e-02  1.59094841e-01  1.23207757e-02
  -8.69973822e-02 -1.10311377e-01 -6.08934452e-02 -2.23282264e-01
   1.38810723e-01 -1.15572143e-01  1.35406393e-01 -2.31803951e-01
   1.77817760e-02  2.22654434e-01 -9.04688300e-02 -1.11881086e-01
   2.53549960e-01 -6.35507645e-02  2.71250278e-02  2.14384781e-01
  -1.32734105e-01 -2.05879516e-02  3.14723634e-02  6.63385253e-02
  -3.27718786e-02  3.09576009e-02 -3.51816920e-02  2.19615250e-01
  -4.87107801e-03  2.89130708e-01  3.35198286e-02 -5.83190268e-02
  -2.06864267e-02 -3.20890541e-02  1.04154099e-01 -2.71859993e-02
  -3.68938858e-01 -3.95926920e-02  1.03564637e-02  3.97783975e-02
  -1.28360398e-02  4.19141721e-01  1.68791746e-01  1.30665830e-02
  -8.47919811e-02  2.25095125e-01  1.80522356e-01  7.45551113e-02
   2.04850379e-01 -7.37392922e-02 -1.22385138e-01  8.80593550e-02
  -3.15667628e-02 -3.21914681e-01  1.25411773e-01 -2.53434152e-01
  -5.82041446e-02 -1.19542747e-01  2.89840765e-02  3.40866718e-02
  -6.62715106e-02 -1.36649973e-01 -3.33083049e-01  2.19122154e-02
   1.36310042e-01 -2.70125152e-02 -2.79009320e-04  3.94869315e-02
   1.02345432e-01 -6.00541212e-02 -6.64984510e-02  7.67533667e-02]
 [ 3.55908976e-02 -1.87415919e-01  1.42393180e-01  1.06059875e-01
  -1.55950122e-02 -1.46156583e-01  7.93364812e-02  1.03252670e-01
   3.15650041e-01 -4.00232050e-04 -7.98436708e-02  5.78355368e-02
   1.66762885e-01 -4.77233793e-02 -5.76710346e-02  1.08976188e-02
  -1.64324785e-01 -1.90555295e-01  1.40491189e-02 -7.16585413e-02
   6.92144639e-02  9.29604203e-02 -1.49988132e-01 -8.38051916e-02
   4.15362361e-01 -2.82356540e-03  2.13788310e-01 -7.30734591e-02
  -1.91508296e-01  1.24064887e-01  1.33782599e-03  2.23561730e-01
   7.23276270e-02 -2.49336896e-01 -4.81758767e-02 -9.67238895e-02
  -7.77726238e-02  1.62189797e-01  1.37874337e-01 -7.59175646e-03
   2.70364901e-01  1.82874601e-01  2.61523090e-01 -1.60140649e-02
   6.14386557e-02  5.55622772e-02 -2.95149842e-02 -9.69155831e-02
   2.04212057e-01  1.29361381e-01 -3.81152739e-01 -9.70960073e-02
   1.92435745e-05 -1.75792170e-01  1.09113577e-01  3.92953818e-02
   1.39022691e-01 -9.28076523e-02  2.02259404e-01 -2.48202705e-01
   5.20013102e-02  1.71766056e-02  8.88721188e-02  5.44071840e-02
   2.65969007e-01 -8.30393102e-02 -1.50321510e-01 -7.26357704e-02
  -1.94858544e-02 -1.55715676e-01  1.35741259e-01 -2.47824902e-01
   6.54487003e-02 -2.25173074e-01 -7.56995411e-02 -3.89461371e-04
  -2.11755372e-01  1.56811927e-01 -1.04330886e-01  2.27534209e-01
  -1.25757754e-01  7.08816728e-02 -1.76857845e-02  1.15047994e-01
  -7.00358092e-02  3.96069782e-02  2.44629540e-01 -2.36017770e-01
   2.19352913e-02 -1.86683277e-01  1.57310306e-01  1.98243460e-01
   9.56274502e-02  2.70393326e-01 -6.58060484e-02 -1.89570615e-01
  -2.48566027e-01 -2.14155554e-01  2.25091500e-02 -7.81091762e-02
  -8.95551799e-02  1.43638149e-01  1.02488635e-01 -7.07372097e-02
   7.88515999e-02  1.98332304e-01  1.22625178e-02  2.92529039e-01
  -6.97781106e-02  1.00652697e-01  1.30765801e-01  8.23902769e-02
   1.43713896e-01 -4.80552825e-02  1.80085956e-01 -1.19605875e-03
   1.35952731e-01 -9.51786265e-02  5.73378294e-02  1.15071189e-02
  -3.10442934e-01 -1.21885583e-01 -1.27908787e-01  3.87544670e-01
   6.36604541e-02 -2.86199303e-01  1.14617013e-01 -5.97659916e-02]
 [ 7.04851479e-02 -2.74825469e-02 -2.07881290e-01 -2.04715135e-01
   1.81504300e-01 -4.94108677e-02 -1.28030803e-01 -3.42565395e-02
  -8.57182628e-02  1.64650953e-01 -1.16383067e-01  3.25718148e-01
   3.21236918e-02 -3.90941448e-02 -6.63413883e-02  1.88055885e-01
   8.22738819e-02  6.81648952e-02  2.30002051e-01  3.94713130e-02
  -4.13468239e-02 -1.57784842e-01  1.36308960e-01 -2.25475460e-02
  -2.48910231e-01  6.06931195e-02 -5.02835854e-02  1.10049313e-01
  -5.68250687e-02 -7.93142200e-02  5.96694888e-03  5.26971367e-02
  -4.04600193e-02 -6.78880518e-02  1.76402254e-01  1.17294349e-01
   1.57158101e-01 -8.82661910e-02 -1.51891806e-01  1.09878862e-01
   7.82498513e-02 -3.34262517e-02 -1.15618088e-01 -5.95073756e-02
  -1.71875842e-01 -2.47847469e-01 -7.78493277e-02  1.16489558e-01
  -8.07563784e-03  2.16993954e-03  1.00675303e-01 -2.54672227e-01
   1.30139189e-01 -2.61855044e-01 -2.64472982e-01  5.96188995e-02
   1.75076171e-01  2.75761980e-01  1.70195334e-01  1.64876865e-01
  -1.40913545e-01 -4.47177510e-02 -1.14349826e-01 -8.12611797e-02
   1.50207827e-01  1.78414467e-02 -7.11998981e-02 -3.21828644e-02
  -2.22314034e-01  4.55635157e-01  1.38640108e-01 -8.99475097e-02
   4.23127476e-02  2.69689697e-01  9.34661685e-02  7.83136194e-02
  -1.11382841e-01 -5.63479936e-02  5.22387917e-01  1.35288273e-01
   7.42976742e-02  5.68970298e-02  1.24826379e-01  2.60498554e-01
  -2.42577981e-01  1.17760267e-02 -3.04111655e-01  7.19733228e-02
  -8.59575861e-02 -1.34134899e-01 -3.01789619e-01 -2.36981942e-01
  -1.14030781e-01 -9.62532873e-02  1.80293047e-01  4.69569005e-03
   3.56843200e-02  8.88661347e-02  4.27707296e-02 -3.35042538e-02
  -1.47786382e-02  6.52581648e-02  2.43644857e-01  1.54326716e-01
   7.78067949e-02 -2.14263212e-02  5.70198091e-02  4.98644761e-01
   2.40245123e-02 -1.21461890e-01 -1.82306989e-02  5.47870571e-04
   1.56506543e-01 -1.58037530e-01  5.48540140e-02 -4.64098431e-02
   2.32141413e-02 -7.55462951e-02  9.03530303e-02  1.88896216e-01
   6.08848283e-02 -2.25221851e-01 -8.61100658e-02  3.86587224e-02
   4.76646092e-02  1.09933084e-01 -5.95563975e-02 -1.61333913e-01]
 [-2.41694036e-01  1.38365530e-01  5.87378642e-02 -7.44053596e-02
   1.63307798e-01  2.05480239e-01  2.02390663e-01 -2.15148856e-01
   3.51984344e-02  1.12144527e-01  6.68524295e-02  1.00535170e-01
  -1.62028338e-02 -4.52796944e-02  1.91518809e-01  1.08029070e-01
  -9.86266053e-02 -2.11704119e-01  1.76734603e-01  9.57549255e-02
   4.82791387e-02  2.98090999e-01 -2.94392500e-01 -1.69879437e-01
  -2.69845157e-01  2.39459060e-01  1.17634164e-01 -9.42109086e-02
   1.21068781e-01 -6.00503243e-02  2.70560913e-01  1.73644375e-02
   2.97030442e-02 -3.25289973e-02  6.80324133e-01 -1.68063085e-02
   3.65278769e-02 -1.06087166e-01 -8.55895197e-02  8.58874024e-03
  -1.49885792e-01 -1.02268686e-01  7.72101534e-02  1.61074824e-01
  -1.16494906e-01 -2.82559715e-02  3.41553791e-02 -1.39503895e-01
  -3.80430494e-02  2.56245111e-01 -5.01333827e-02 -3.22349166e-01
  -2.42291825e-01  4.51867358e-01  2.50282591e-03  1.46012827e-01
  -3.07837411e-01 -9.53032839e-02 -6.68954770e-02  3.00677543e-02
   1.99554631e-02 -1.93719274e-01 -8.67350129e-02 -3.12435743e-02
  -9.71675823e-02 -1.62217996e-01  2.64182894e-01  2.24691072e-01
  -2.32726825e-01  4.62924662e-02 -1.76034611e-01 -4.08858158e-02
   1.21322315e-01  9.80453949e-02 -1.86181344e-02 -3.51652101e-01
  -1.14069146e-01 -5.94407498e-02 -5.07529349e-02  2.89072936e-01
   1.38213691e-01 -1.21641984e-02 -3.15697245e-01 -1.12799090e-01
   1.61767989e-01 -1.55237972e-01 -6.03300053e-03  3.41239665e-01
   6.41616340e-02  5.15620941e-02 -5.78885600e-02  1.45550023e-01
   1.23248778e-01  6.65739315e-03  2.49950125e-02 -5.76910721e-02
   1.94180743e-01  5.95039988e-02  4.36612372e-04  1.06894186e-01
   2.70540644e-01  2.29255360e-01 -5.73890001e-02 -4.62182472e-02
   3.85642521e-01 -2.49167471e-01  2.69569731e-02 -7.33403760e-02
   5.00707092e-02 -4.00862537e-02 -1.58994968e-03  4.98027557e-02
  -2.52220902e-01 -6.98936640e-02  2.79968152e-01  7.02869987e-02
  -2.55462858e-02  3.53427455e-02 -1.21002074e-01 -2.41396676e-02
  -1.90960628e-03 -8.81077778e-02  6.29098896e-04 -2.22441378e-01
   2.29120177e-01 -9.14203151e-02 -1.09230471e-01  2.50599283e-01]
 [-1.09163647e-01 -1.87439229e-01 -2.77864091e-01  1.52206731e-01
   5.89037941e-02 -5.51319142e-02  2.95343154e-01 -2.63105799e-01
  -1.14236898e-01  4.33574209e-03 -6.47534209e-02  2.46690110e-01
  -1.98133909e-01  7.13615184e-02  2.91272122e-01 -8.24022261e-02
  -7.90875580e-02 -4.35337644e-01  3.29290164e-01  6.02120062e-02
  -2.26820564e-01 -3.15681177e-01 -6.44144197e-02  3.23434561e-01
   9.92848426e-02  3.62557177e-01 -2.88798469e-01 -1.29934973e-01
  -4.94121997e-02  6.70796018e-02  1.23006074e-01 -1.76643182e-02
  -5.85640374e-02 -1.00433528e-02 -2.55933463e-02  1.80049328e-01
   3.19050600e-01  2.36081836e-01  1.19511922e-01 -7.61247127e-02
  -1.22103385e-01  4.06169814e-01 -4.33866655e-02 -2.19338844e-01
   2.42475552e-01  1.21484780e-01 -1.05942994e-02  9.48988515e-02
   1.55022469e-01  6.27749189e-03 -1.46701363e-01 -2.24204290e-01
  -7.60314756e-02  1.09776487e-01  2.61434623e-02  1.75417698e-01
   9.31717803e-02  1.02095636e-01  1.09410074e-01 -4.50704321e-02
  -1.32201135e-01 -7.55085187e-02 -4.04891051e-03 -2.06810262e-01
  -2.40434290e-01  8.06927218e-02  4.13667771e-02  2.24401196e-01
   2.31473673e-01 -1.19710458e-01 -1.67601978e-01  2.00814981e-01
  -1.17270001e-01 -2.39062412e-01 -1.64021756e-01  2.81782147e-01
   2.05087422e-01 -9.11051275e-04  1.56794712e-01  4.33718962e-02
   2.45168168e-01 -3.64940403e-01 -4.96765537e-02 -2.35609909e-02
   1.21471514e-01 -2.74387653e-01  3.45794976e-01  1.12550435e-01
   1.60990977e-01  3.08224286e-02  1.22831221e-01  3.07649755e-01
   3.04991886e-01 -1.56790774e-02 -5.11090346e-02  2.08747607e-01
   5.41588166e-02  3.72708895e-02  3.64233313e-02  6.53433713e-02
   1.51473777e-01 -1.19201497e-01  2.91389806e-01 -2.08897442e-01
   2.72251622e-01 -2.31775443e-01  1.92222256e-01 -2.30105725e-02
  -2.78147843e-01 -3.39291435e-02 -9.00718024e-02  1.94034182e-01
   2.05399582e-01 -4.29960748e-01 -2.26390126e-02  2.47304516e-01
   4.75660229e-01  7.49591416e-02  1.40306943e-01 -3.33935710e-01
   5.07899847e-01 -8.31822968e-02  2.70711844e-02 -2.20815284e-02
   1.16187184e-01  1.50047534e-01 -1.50910198e-01  1.42102826e-01]
 [-1.61304876e-01 -7.83398741e-02 -7.07325694e-02 -3.15619045e-01
  -4.29075324e-02  1.56386397e-01  1.59576306e-01 -1.65444022e-01
  -2.24056830e-01 -7.03769316e-02  8.50133570e-03 -9.49942631e-02
  -1.44757532e-01  8.91613350e-02  4.18424845e-02  1.15903061e-01
   1.41051329e-01 -9.26912730e-02 -2.03388409e-01  1.32977049e-01
   1.46144543e-01  2.94704380e-01 -1.20155744e-01  1.37921470e-02
   1.68843015e-01 -1.08436453e-01  3.16114020e-02 -1.41545565e-02
  -3.46179364e-02  4.35747520e-02  4.53563578e-02 -1.80465326e-03
  -1.00419032e-03  2.63214452e-01  4.07972040e-03 -2.26898219e-01
  -2.33801574e-01  1.65621973e-01  1.04489434e-01  1.43140749e-01
  -4.64121330e-03 -2.46046820e-02  7.83777796e-02  2.84339803e-01
  -9.89058761e-02  6.48391724e-02 -1.17730191e-01  8.51404721e-02
  -3.25497046e-02  6.49481953e-03  1.21076270e-01  1.16188023e-01
   5.20834675e-03  2.02136469e-01  2.16868222e-02 -8.50288762e-02
  -1.99315731e-01  9.68274541e-02 -1.83679188e-01  1.62604448e-01
   2.80272246e-01 -2.67356272e-02  3.77517775e-02 -2.70531563e-01
  -2.11893686e-01  1.25880758e-01  1.51195165e-01  2.52242306e-01
   1.79582138e-01  1.02411404e-01  1.21143770e-01 -1.16351132e-01
  -3.90066594e-01  6.73298508e-02 -2.10679032e-02 -1.90147417e-01
  -2.64462828e-01 -1.25506961e-01  6.00660591e-02  2.00337958e-01
   8.55035242e-02  1.43418920e-01 -9.37841623e-02 -6.67232685e-02
  -1.99669569e-01 -3.79121817e-02 -9.07524957e-02  1.02481054e-01
   2.03590903e-02 -7.84200620e-02 -1.19895475e-01 -1.33517009e-01
  -4.97528173e-03 -1.48451825e-01  9.56737830e-02  1.12481981e-01
   1.25364799e-01  1.01669002e-02 -4.01004353e-01 -3.77102948e-02
  -1.08690919e-02  2.70428767e-01  2.23486752e-01 -3.84092330e-02
   2.71409850e-01 -3.00723909e-02 -9.41010013e-02  2.66444427e-01
   5.14023620e-02 -1.93611034e-02  2.46210341e-01  5.14941875e-02
   8.52928020e-02  6.76117658e-02 -9.10556664e-02  1.53943301e-02
  -1.62144457e-01  1.84240748e-01  3.28822707e-01 -3.08196066e-01
  -3.36749109e-01  3.52554544e-02  1.81204881e-01  7.23672369e-02
   2.06151250e-01 -2.17486734e-01  2.67778271e-01 -1.60000832e-01]
 [ 9.90336916e-02 -7.85459686e-02  1.06600131e-01  1.54895961e-01
  -1.65749949e-01 -7.34166133e-02  5.63352075e-02 -1.03448474e-01
  -2.60776064e-03 -1.09758964e-01  8.63492561e-03 -1.38657025e-02
  -1.04513334e-03  1.53044413e-01 -7.84891921e-02 -1.12222218e-02
   1.56018618e-01 -2.44321402e-01 -3.86950566e-02 -5.70350978e-02
   1.25307220e-01  1.48174533e-01 -7.58035919e-02 -1.26753879e-02
   1.14404483e-01  1.15985570e-02  3.45962800e-01  7.77958371e-02
   2.27711249e-01 -1.09855725e-01  1.07697387e-01 -4.97555819e-03
   7.40257876e-02 -1.29211950e-01 -7.02166666e-03  6.01678734e-02
  -1.23547510e-02 -1.22492508e-02 -3.91182859e-02  1.92630452e-01
  -7.54547406e-02 -5.00254651e-02  1.28684245e-01 -3.09715615e-01
   4.90953725e-03 -2.36927001e-01  1.75227257e-01 -1.78069798e-01
   1.31121123e-01  2.24293411e-01  2.30552214e-02  4.69852201e-02
  -4.69560233e-02 -6.49239692e-02 -1.91143960e-01 -1.29292656e-01
  -2.55595625e-03 -1.49186783e-01  7.32973096e-03 -4.21505298e-02
   7.66941669e-02 -1.52894324e-01 -6.51957358e-02  2.03659721e-01
  -4.92926399e-02  1.02299137e-01  3.32243291e-02 -7.89318977e-02
  -1.52846776e-01  1.43555294e-02  1.25177061e-01  1.31587637e-01
  -1.24876334e-02 -1.35678622e-01  3.74310054e-02 -4.24659954e-02
   1.08705330e-01 -1.32279666e-01 -6.27372904e-02  2.75883272e-01
  -5.86041051e-03  1.03598611e-01 -3.54040177e-02  1.86107561e-03
  -4.79798240e-03 -2.30120296e-02 -1.93700602e-01 -1.33305724e-01
   2.42620195e-02  6.87154182e-02 -2.48004753e-01  2.18874836e-01
  -3.22248220e-02  1.06582738e-01 -5.61416508e-03 -8.81356443e-02
  -8.41913535e-02  3.49068752e-02 -2.26739011e-02 -1.58139041e-02
  -1.52166679e-01  1.78766618e-02  1.58654605e-01  3.12414388e-01
  -1.20416518e-01  6.51751656e-02 -9.00213754e-02  1.35301976e-01
  -4.15128813e-02 -4.10551352e-02  7.58466976e-03  3.08815987e-02
  -1.28999424e-01  3.53079686e-02 -2.61445178e-01 -1.25105132e-01
  -1.05404875e-02 -5.29571949e-02 -1.36866206e-01 -9.03106383e-02
  -9.83763474e-02  1.52973234e-01 -2.34200946e-01 -1.75413331e-01
  -1.33201271e-01  1.05306409e-02  8.39048720e-02  3.32517723e-02]
 [ 1.77545832e-01  1.99628912e-01  2.66927472e-02  1.34245298e-02
   9.39659972e-02  4.51379626e-02 -1.75425760e-02  6.28891378e-02
   5.44330117e-02  8.69487989e-02 -1.38341418e-01 -8.07094636e-02
   9.70699273e-04 -1.88658594e-01  5.55366903e-01  1.16009767e-01
  -9.51992840e-02 -1.00767577e-01 -1.76767324e-01 -8.90139498e-02
   9.34868132e-03 -1.80072366e-01  3.03053724e-01 -2.80646025e-01
  -9.74378961e-02  2.29802540e-01  7.47617049e-02  2.06395428e-01
  -7.48228238e-02  2.04726955e-01  5.12543606e-02 -1.39599643e-02
   8.91684330e-02 -3.28718707e-02 -3.84221845e-02 -2.57753927e-01
  -1.78524629e-01 -1.59334458e-01 -1.87628452e-01 -5.28297392e-03
   2.16671487e-02 -2.70681684e-01  2.67159938e-01  2.36821552e-01
   1.81741046e-01  6.13662889e-02  1.39430781e-01 -3.64327633e-02
  -3.05564828e-01 -4.99974587e-02  1.65818813e-01  1.90464009e-01
  -1.31653437e-01  2.49991464e-01  5.12448511e-02  1.22594424e-01
  -1.66151831e-01  1.17706486e-01  6.48624858e-02  2.52231036e-02
  -3.32454558e-02  2.91313658e-01 -2.31811494e-01  1.30054221e-01
   1.61458542e-01  7.46597438e-02  7.07784694e-02 -1.38316059e-01
   7.14803793e-02  1.05840379e-02  3.65506635e-01  4.74633939e-02
  -7.16742510e-02 -1.71719637e-01 -1.91073082e-01 -5.78951385e-02
  -1.90053886e-01 -3.22235866e-03 -1.91908222e-01 -2.79220354e-01
  -4.27262616e-02  2.45595956e-01 -1.64634019e-01  5.70374750e-02
   1.02601559e-01 -6.53315817e-02 -1.40639017e-01 -2.04593813e-01
   8.97188190e-02 -5.75212045e-02  1.28744985e-02 -2.13860955e-01
   3.00703916e-01  2.23084447e-02 -5.01026259e-03  4.91341838e-02
   8.87552263e-02  7.92509273e-02  3.19451727e-01  1.68883605e-01
   3.82364324e-01  1.08825584e-01  2.88200038e-01 -1.66322836e-01
   4.68181037e-02 -2.19580540e-02 -1.22648051e-02  1.02762059e-02
   1.05471926e-01  1.69164437e-01 -1.00131224e-02 -5.19224770e-02
  -3.42662915e-01  7.87945201e-02 -9.47211415e-02 -1.40236616e-01
   1.24183350e-01 -1.26300834e-02  9.20320590e-02 -1.71149529e-01
   3.68009998e-02  3.44950259e-02 -1.86625671e-01 -9.02872074e-02
  -8.65400275e-02 -1.26127659e-02 -7.12819979e-03  2.14310548e-01]
 [-2.09437643e-02 -1.25420377e-01  2.82080450e-01 -1.45446429e-01
   5.95195571e-02  1.75264582e-01 -2.00826762e-02 -1.51502132e-01
  -1.05973196e-02 -2.74985586e-02  2.21774251e-02 -1.02743799e-01
   4.87272514e-02 -8.78475006e-02 -9.63771610e-02  2.08808746e-01
  -2.63439495e-02  5.06923343e-02  1.67035321e-02  5.40497692e-02
  -1.03991910e-01 -9.16051078e-02  3.24826355e-02 -1.08685430e-01
   9.57624293e-02  7.82993557e-02  1.52652212e-01  6.03880532e-02
   1.04707152e-02  1.14583302e-01 -1.47588429e-01 -2.27655049e-01
   1.38645848e-01  7.70407412e-03  7.27331646e-02 -1.23388486e-01
   1.07919095e-01  3.12826821e-03  1.14365871e-01  1.63220547e-01
  -3.03203130e-01  1.09889947e-01  9.20692976e-02 -1.12830609e-01
   4.64841765e-02  3.00669171e-02  9.74771072e-02  2.40305406e-01
  -3.55555468e-02  4.11556327e-02 -1.79824703e-01  2.60257253e-03
   1.11932633e-01  1.96610262e-01  1.40300103e-01  1.13324762e-03
   7.25369484e-02 -1.21407482e-01  1.50333087e-01  5.51007753e-02
   1.88613527e-01  2.35928154e-01  1.63802958e-02  7.99392502e-02
  -8.73934505e-02 -1.69352669e-01  1.23708116e-01 -1.15814509e-03
  -3.04137479e-01 -1.04559999e-01  1.23494512e-01 -1.75378414e-02
  -7.18466672e-02  1.51641700e-01  1.29022179e-02  9.49065446e-02
  -4.56952359e-03 -2.25847112e-01 -4.37986972e-02 -2.48372053e-01
   4.19024782e-02  6.47405296e-02 -1.28031522e-01 -1.52248570e-01
   8.60478957e-02 -9.01873072e-02 -8.12991209e-02  5.68897364e-02
   5.03912185e-02  6.70828576e-02 -1.25796281e-01  2.16634781e-01
  -8.50950211e-02 -9.45953508e-02 -1.64592702e-01 -8.52146505e-02
  -7.13501127e-03 -6.34271800e-02  6.79841752e-02  1.02232895e-01
   1.03281802e-01 -1.25628432e-02 -1.12736406e-01 -4.39470999e-02
  -3.11935501e-02  7.82184417e-02 -1.57427779e-02  4.74594432e-02
   7.92307866e-02 -4.12514101e-02 -9.84168297e-02  1.14267047e-01
   7.94119051e-02  4.34667128e-02  2.74208816e-02 -1.76382714e-01
  -7.63659072e-02 -1.73207824e-01  4.48898512e-02  7.21643211e-02
  -7.41721137e-02 -1.29608257e-01  7.94600342e-02  1.26470316e-01
  -2.15256823e-01 -2.45309081e-01  7.70555546e-02  3.72966170e-02]
 [-1.89600528e-01 -1.00667172e-01 -7.56619417e-02  1.45533138e-01
   1.74856823e-01 -3.93861225e-02 -1.15932539e-01  3.74839767e-02
   2.06333749e-01 -6.46667174e-03 -2.22901793e-02  2.46139442e-02
   9.85656918e-02 -8.64453858e-02  2.09895399e-02  3.89288368e-02
  -2.42658887e-01  1.16001890e-01  7.65005890e-02 -4.64957765e-02
   1.17158589e-01  1.88505573e-02  5.74750359e-02  1.70639851e-01
  -1.61996133e-01  5.05638669e-03 -1.18911797e-01 -7.03421122e-02
   7.90983226e-02  4.08894661e-02  6.17072761e-03  3.25110608e-02
  -2.42177209e-01  1.59567221e-01 -6.89427904e-02 -6.45290931e-02
  -5.62724506e-02  1.16712389e-01 -3.77554335e-02  2.82221458e-02
  -1.16621243e-01 -1.15817814e-01 -1.76405294e-01 -1.02467359e-01
   7.31617501e-02 -2.41166887e-01 -6.06594957e-02 -1.40023359e-01
   9.77154637e-02 -5.97963770e-02  1.10594666e-01  2.68236775e-01
   1.13657061e-01 -9.42047874e-02  8.64498071e-02  1.38576425e-02
  -4.24235084e-02 -8.50932821e-02  1.56154557e-01 -2.33270570e-01
   1.10751776e-01  7.43153598e-02 -1.54412359e-01  7.12111810e-02
   1.87518535e-02 -9.38462370e-02  7.93094652e-02 -2.91060353e-03
  -3.10929225e-02  1.09071877e-02  2.66393182e-01  2.66266739e-03
  -3.99203874e-02  5.17283429e-03  1.38257492e-03 -2.34326901e-01
  -2.59030718e-01  9.94472185e-02  1.20786610e-02 -1.51191792e-01
  -1.20425409e-01 -3.18079091e-01 -2.02398908e-01  6.89501723e-02
  -1.57351935e-01 -2.72180803e-01 -8.94035466e-02  1.45612285e-01
  -4.39316524e-02 -1.01757315e-02  1.32512325e-01 -1.04137736e-01
  -9.40835946e-02  7.38726686e-02  6.24448919e-02  1.55604637e-01
  -1.85984692e-01  1.39017763e-01 -2.61713637e-03 -1.26922584e-01
  -2.65219795e-01  2.42388757e-01  7.46347678e-02  1.58449859e-01
   1.51622509e-01 -2.03570742e-01 -3.70679756e-01  6.06659627e-02
   1.19162979e-02 -1.30355512e-01 -1.33208458e-01 -6.33458138e-02
  -1.26911339e-01  1.01969945e-01 -9.29027863e-02 -4.59918270e-02
   2.20972401e-01 -1.84590082e-01  4.48596117e-02 -2.66890629e-01
   4.30630353e-02 -5.84294266e-02 -2.23583661e-01  4.86479369e-02
  -1.58073575e-02  2.17839530e-01 -3.35695947e-02  8.93742514e-02]
 [ 6.60764923e-02 -2.17634513e-01 -2.46459856e-01 -4.49222722e-02
  -1.29323923e-01  6.44289045e-02 -1.57970448e-01  8.67936250e-02
   2.78020420e-02 -5.74628120e-02 -9.43029825e-02  2.30240673e-01
  -5.56888532e-02  7.25341821e-02  1.50862596e-01 -2.62295503e-02
   3.00286397e-01  1.74115735e-01 -1.41598350e-01  1.55393339e-01
   7.80556699e-02  1.34373249e-01  1.75979843e-01 -1.09725078e-02
  -4.18305613e-02 -3.04701505e-01 -2.29092633e-01  1.23147744e-01
  -1.19377202e-01  2.07646220e-02  4.09884289e-02  6.07860669e-02
  -5.58680853e-02  4.68468742e-02  2.16497400e-01 -4.19078137e-02
  -1.80759431e-01  1.08819167e-01  1.73376675e-02  1.89228805e-01
   1.09157273e-01 -3.76560260e-01 -6.96887255e-02  1.30386382e-01
  -1.01763887e-02 -1.06442264e-01 -4.06919794e-02 -2.50254178e-02
   3.86550287e-02  4.37743926e-02  3.26863256e-01 -9.19743383e-02
   1.40693400e-01  5.04740528e-02 -4.29112542e-02  1.14661953e-01
  -2.95343888e-01 -2.14746307e-02  1.26212084e-01  1.16124905e-01
   2.12271087e-01 -1.36735122e-01  3.17389004e-02 -7.97807644e-02
  -2.98319780e-02  2.29538606e-01  1.45439070e-01  7.70089261e-02
  -1.18895111e-01  4.02374801e-02  1.46955895e-02 -1.67298237e-01
  -9.64863422e-02 -7.40730969e-02  4.70716652e-02 -1.33523589e-01
  -3.46286140e-02  1.81578681e-01  1.37287686e-02 -1.17890025e-01
   6.09911375e-02  1.69960938e-01  7.35977892e-02 -2.48244566e-01
   4.32860686e-02 -1.56027390e-02  2.14836708e-02  3.11482747e-01
   9.49517823e-02 -9.71007885e-02 -6.86247337e-02  3.10780328e-02
  -1.45130195e-01  3.45372360e-02  3.90956833e-02  5.98407696e-02
   7.41026412e-02 -7.43716432e-02  8.78995838e-02  8.12224961e-02
   2.96332240e-01 -7.36376843e-02 -6.87758174e-02  9.03367606e-02
  -1.42693835e-01  5.92863581e-02  1.53005376e-01 -2.63238795e-03
   1.90635051e-01 -1.58474938e-02  1.87270770e-02  2.54125569e-01
  -1.01548476e-01 -3.42758488e-02  7.17679704e-02 -1.75304114e-01
   8.85515205e-02  1.72080661e-01  1.20190976e-01 -2.05777864e-02
  -1.64864295e-01  1.42851780e-01 -2.46538125e-01  7.30018474e-02
  -1.97446102e-01  6.60014266e-02  1.85425134e-01  8.29398310e-03]]